INFO     | 2026-10-05 12:17:38,875 | __main__:16 | Логування завершено. Підготовка запуску...
CRITICAL | 2026-10-05 12:17:39,136 | __main__:48 | Критична помилка під час запуску: unknown locale 'eu_US'
Traceback (most recent call last):
  File "D:\My_projects\Stars_Shop\__main__.py", line 36, in main
    translator_hub = create_translator_hub()
                     ^^^^^^^^^^^^^^^^^^^^^^^
  File "D:\My_projects\Stars_Shop\utils\i18n.py", line 15, in create_translator_hub
    translator=FluentBundle.from_files(
               ^^^^^^^^^^^^^^^^^^^^^^^^
  File "D:\My_projects\Stars_Shop\.venv\Lib\site-packages\fluent_compiler\bundle.py", line 43, in from_files
    return cls(
           ^^^^
  File "D:\My_projects\Stars_Shop\.venv\Lib\site-packages\fluent_compiler\bundle.py", line 21, in __init__
    compiled_ftl = compile_messages(
                   ^^^^^^^^^^^^^^^^^
  File "D:\My_projects\Stars_Shop\.venv\Lib\site-packages\fluent_compiler\compiler.py", line 176, in compile_messages
    babel_locale = babel.Locale.parse(locale.replace("-", "_"))
                   ^^^^^^^^^^^^^^^^^^^^^^^^^^^^^^^^^^^^^^^^^^^^
  File "D:\My_projects\Stars_Shop\.venv\Lib\site-packages\babel\core.py", line 438, in parse
    raise UnknownLocaleError(input_id)
babel.core.UnknownLocaleError: unknown locale 'eu_US'
INFO     | 2026-10-05 12:21:48,839 | __main__:16 | Логування завершено. Підготовка запуску...
INFO     | 2026-10-05 12:21:56,307 | __main__:19 | Старт бота завершено.
INFO     | 2026-10-05 12:21:56,307 | aiogram.dispatcher:597 | Start polling
INFO     | 2026-10-05 12:21:57,537 | aiogram.dispatcher:379 | Run polling for bot @CubeClashBot id=8560838161 - 'Av-Stars Store'
INFO     | 2026-10-05 12:27:54,577 | aiogram.dispatcher:625 | Polling stopped
INFO     | 2026-10-05 12:27:54,609 | __main__:22 | Бота зупинено.
ERROR    | 2026-10-05 12:27:54,662 | aiogram.dispatcher:226 | Failed to fetch updates - TelegramNetworkError: HTTP Client says - ServerDisconnectedError: Server disconnected
WARNING  | 2026-10-05 12:27:54,664 | aiogram.dispatcher:228 | Sleep for 1.000000 seconds and try again... (tryings = 0, bot id = 8560838161)
INFO     | 2026-10-05 12:27:54,926 | aiogram.dispatcher:414 | Polling stopped for bot @CubeClashBot id=8560838161 - 'Av-Stars Store'
INFO     | 2026-10-05 12:27:54,934 | __main__:57 | Зупинено власноруч.
INFO     | 2026-10-05 12:28:18,802 | __main__:16 | Логування завершено. Підготовка запуску...
INFO     | 2026-10-05 12:28:19,290 | __main__:19 | Старт бота завершено.
INFO     | 2026-10-05 12:28:19,290 | aiogram.dispatcher:597 | Start polling
INFO     | 2026-10-05 12:28:19,382 | aiogram.dispatcher:379 | Run polling for bot @CubeClashBot id=8560838161 - 'Av-Stars Store'
INFO     | 2026-10-05 12:29:03,470 | sqlalchemy.engine.Engine:2679 | BEGIN (implicit)
INFO     | 2026-10-05 12:29:03,487 | sqlalchemy.engine.Engine:1822 | SELECT users.tg_id, users.spent_money, users.referral_id, users.language, users.created 
FROM users 
WHERE users.tg_id = ?
INFO     | 2026-10-05 12:29:03,492 | sqlalchemy.engine.Engine:1822 | [generated in 0.00707s] (1089056378,)
INFO     | 2026-10-05 12:29:03,521 | sqlalchemy.engine.Engine:2682 | ROLLBACK
INFO     | 2026-10-05 12:29:03,526 | aiogram.event:179 | Update id=592228738 is not handled. Duration 78 ms by bot id=8560838161
ERROR    | 2026-10-05 12:29:03,530 | aiogram.event:326 | Cause exception while process update id=592228738 by bot id=8560838161
OperationalError: (sqlite3.OperationalError) no such table: users
[SQL: SELECT users.tg_id, users.spent_money, users.referral_id, users.language, users.created 
FROM users 
WHERE users.tg_id = ?]
[parameters: (1089056378,)]
(Background on this error at: https://sqlalche.me/e/21/e3q8)
Traceback (most recent call last):
  File "D:\My_projects\Stars_Shop\.venv\Lib\site-packages\sqlalchemy\engine\base.py", line 1943, in _exec_single_context
    self.dialect.do_execute(
  File "D:\My_projects\Stars_Shop\.venv\Lib\site-packages\sqlalchemy\engine\default.py", line 1192, in do_execute
    cursor.execute(statement, parameters)
  File "D:\My_projects\Stars_Shop\.venv\Lib\site-packages\sqlalchemy\connectors\asyncio.py", line 258, in execute
    self._adapt_connection._handle_exception(error)
  File "D:\My_projects\Stars_Shop\.venv\Lib\site-packages\sqlalchemy\connectors\asyncio.py", line 412, in _handle_exception
    self._handle_exception_no_connection(self.dbapi, error)
  File "D:\My_projects\Stars_Shop\.venv\Lib\site-packages\sqlalchemy\dialects\sqlite\aiosqlite.py", line 237, in _handle_exception_no_connection
    super()._handle_exception_no_connection(dbapi, error)
  File "D:\My_projects\Stars_Shop\.venv\Lib\site-packages\sqlalchemy\connectors\asyncio.py", line 409, in _handle_exception_no_connection
    raise error.with_traceback(exc_info[2])
  File "D:\My_projects\Stars_Shop\.venv\Lib\site-packages\sqlalchemy\connectors\asyncio.py", line 256, in execute
    return await_(self._execute_async(operation, parameters))
           ^^^^^^^^^^^^^^^^^^^^^^^^^^^^^^^^^^^^^^^^^^^^^^^^^^
  File "D:\My_projects\Stars_Shop\.venv\Lib\site-packages\sqlalchemy\util\concurrency.py", line 167, in await_
    return current.parent.switch(awaitable)  # type: ignore[no-any-return]
           ^^^^^^^^^^^^^^^^^^^^^^^^^^^^^^^^
  File "D:\My_projects\Stars_Shop\.venv\Lib\site-packages\sqlalchemy\util\concurrency.py", line 205, in greenlet_spawn
    value = await result
            ^^^^^^^^^^^^
  File "D:\My_projects\Stars_Shop\.venv\Lib\site-packages\sqlalchemy\connectors\asyncio.py", line 279, in _execute_async
    result = await self._cursor.execute(operation, parameters)
             ^^^^^^^^^^^^^^^^^^^^^^^^^^^^^^^^^^^^^^^^^^^^^^^^^
  File "D:\My_projects\Stars_Shop\.venv\Lib\site-packages\aiosqlite\cursor.py", line 40, in execute
    await self._execute(self._cursor.execute, sql, parameters)
  File "D:\My_projects\Stars_Shop\.venv\Lib\site-packages\aiosqlite\cursor.py", line 32, in _execute
    return await self._conn._execute(fn, *args, **kwargs)
           ^^^^^^^^^^^^^^^^^^^^^^^^^^^^^^^^^^^^^^^^^^^^^^
  File "D:\My_projects\Stars_Shop\.venv\Lib\site-packages\aiosqlite\core.py", line 160, in _execute
    return await future
           ^^^^^^^^^^^^
  File "D:\My_projects\Stars_Shop\.venv\Lib\site-packages\aiosqlite\core.py", line 63, in _connection_worker_thread
    result = function()
             ^^^^^^^^^^
sqlite3.OperationalError: no such table: users

The above exception was the direct cause of the following exception:

Traceback (most recent call last):
  File "D:\My_projects\Stars_Shop\.venv\Lib\site-packages\aiogram\dispatcher\dispatcher.py", line 321, in _process_update
    response = await self.feed_update(bot, update, **kwargs)
               ^^^^^^^^^^^^^^^^^^^^^^^^^^^^^^^^^^^^^^^^^^^^^
  File "D:\My_projects\Stars_Shop\.venv\Lib\site-packages\aiogram\dispatcher\dispatcher.py", line 164, in feed_update
    response = await self.update.wrap_outer_middleware(
               ^^^^^^^^^^^^^^^^^^^^^^^^^^^^^^^^^^^^^^^^
  File "D:\My_projects\Stars_Shop\.venv\Lib\site-packages\aiogram\dispatcher\middlewares\error.py", line 27, in __call__
    return await handler(event, data)
           ^^^^^^^^^^^^^^^^^^^^^^^^^^
  File "D:\My_projects\Stars_Shop\.venv\Lib\site-packages\aiogram\dispatcher\middlewares\user_context.py", line 58, in __call__
    return await handler(event, data)
           ^^^^^^^^^^^^^^^^^^^^^^^^^^
  File "D:\My_projects\Stars_Shop\.venv\Lib\site-packages\aiogram\fsm\middleware.py", line 43, in __call__
    return await handler(event, data)
           ^^^^^^^^^^^^^^^^^^^^^^^^^^
  File "D:\My_projects\Stars_Shop\middleware\base.py", line 26, in __call__
    user = await get_user(session, tg_user.id)
           ^^^^^^^^^^^^^^^^^^^^^^^^^^^^^^^^^^^
  File "D:\My_projects\Stars_Shop\database\requests.py", line 20, in get_user
    return await session.scalar(select(User).where(User.tg_id == tg_id))
           ^^^^^^^^^^^^^^^^^^^^^^^^^^^^^^^^^^^^^^^^^^^^^^^^^^^^^^^^^^^^^
  File "D:\My_projects\Stars_Shop\.venv\Lib\site-packages\sqlalchemy\ext\asyncio\session.py", line 720, in scalar
    return await greenlet_spawn(
           ^^^^^^^^^^^^^^^^^^^^^
  File "D:\My_projects\Stars_Shop\.venv\Lib\site-packages\sqlalchemy\util\concurrency.py", line 212, in greenlet_spawn
    result = context.switch(value)
             ^^^^^^^^^^^^^^^^^^^^^
  File "D:\My_projects\Stars_Shop\.venv\Lib\site-packages\sqlalchemy\orm\session.py", line 2534, in scalar
    return self._execute_internal(
           ^^^^^^^^^^^^^^^^^^^^^^^
  File "D:\My_projects\Stars_Shop\.venv\Lib\site-packages\sqlalchemy\orm\session.py", line 2363, in _execute_internal
    compile_state_cls.orm_execute_statement(
  File "D:\My_projects\Stars_Shop\.venv\Lib\site-packages\sqlalchemy\orm\context.py", line 316, in orm_execute_statement
    result = conn.execute(
             ^^^^^^^^^^^^^
  File "D:\My_projects\Stars_Shop\.venv\Lib\site-packages\sqlalchemy\engine\base.py", line 1448, in execute
    return meth(
           ^^^^^
  File "D:\My_projects\Stars_Shop\.venv\Lib\site-packages\sqlalchemy\sql\elements.py", line 533, in _execute_on_connection
    return connection._execute_clauseelement(
           ^^^^^^^^^^^^^^^^^^^^^^^^^^^^^^^^^^
  File "D:\My_projects\Stars_Shop\.venv\Lib\site-packages\sqlalchemy\engine\base.py", line 1668, in _execute_clauseelement
    ret = self._execute_context(
          ^^^^^^^^^^^^^^^^^^^^^^
  File "D:\My_projects\Stars_Shop\.venv\Lib\site-packages\sqlalchemy\engine\base.py", line 1822, in _execute_context
    return self._exec_single_context(
           ^^^^^^^^^^^^^^^^^^^^^^^^^^
  File "D:\My_projects\Stars_Shop\.venv\Lib\site-packages\sqlalchemy\engine\base.py", line 1962, in _exec_single_context
    self._handle_dbapi_exception(
  File "D:\My_projects\Stars_Shop\.venv\Lib\site-packages\sqlalchemy\engine\base.py", line 2332, in _handle_dbapi_exception
    raise sqlalchemy_exception.with_traceback(exc_info[2]) from e
  File "D:\My_projects\Stars_Shop\.venv\Lib\site-packages\sqlalchemy\engine\base.py", line 1943, in _exec_single_context
    self.dialect.do_execute(
  File "D:\My_projects\Stars_Shop\.venv\Lib\site-packages\sqlalchemy\engine\default.py", line 1192, in do_execute
    cursor.execute(statement, parameters)
  File "D:\My_projects\Stars_Shop\.venv\Lib\site-packages\sqlalchemy\connectors\asyncio.py", line 258, in execute
    self._adapt_connection._handle_exception(error)
  File "D:\My_projects\Stars_Shop\.venv\Lib\site-packages\sqlalchemy\connectors\asyncio.py", line 412, in _handle_exception
    self._handle_exception_no_connection(self.dbapi, error)
  File "D:\My_projects\Stars_Shop\.venv\Lib\site-packages\sqlalchemy\dialects\sqlite\aiosqlite.py", line 237, in _handle_exception_no_connection
    super()._handle_exception_no_connection(dbapi, error)
  File "D:\My_projects\Stars_Shop\.venv\Lib\site-packages\sqlalchemy\connectors\asyncio.py", line 409, in _handle_exception_no_connection
    raise error.with_traceback(exc_info[2])
  File "D:\My_projects\Stars_Shop\.venv\Lib\site-packages\sqlalchemy\connectors\asyncio.py", line 256, in execute
    return await_(self._execute_async(operation, parameters))
           ^^^^^^^^^^^^^^^^^^^^^^^^^^^^^^^^^^^^^^^^^^^^^^^^^^
  File "D:\My_projects\Stars_Shop\.venv\Lib\site-packages\sqlalchemy\util\concurrency.py", line 167, in await_
    return current.parent.switch(awaitable)  # type: ignore[no-any-return]
           ^^^^^^^^^^^^^^^^^^^^^^^^^^^^^^^^
  File "D:\My_projects\Stars_Shop\.venv\Lib\site-packages\sqlalchemy\util\concurrency.py", line 205, in greenlet_spawn
    value = await result
            ^^^^^^^^^^^^
  File "D:\My_projects\Stars_Shop\.venv\Lib\site-packages\sqlalchemy\connectors\asyncio.py", line 279, in _execute_async
    result = await self._cursor.execute(operation, parameters)
             ^^^^^^^^^^^^^^^^^^^^^^^^^^^^^^^^^^^^^^^^^^^^^^^^^
  File "D:\My_projects\Stars_Shop\.venv\Lib\site-packages\aiosqlite\cursor.py", line 40, in execute
    await self._execute(self._cursor.execute, sql, parameters)
  File "D:\My_projects\Stars_Shop\.venv\Lib\site-packages\aiosqlite\cursor.py", line 32, in _execute
    return await self._conn._execute(fn, *args, **kwargs)
           ^^^^^^^^^^^^^^^^^^^^^^^^^^^^^^^^^^^^^^^^^^^^^^
  File "D:\My_projects\Stars_Shop\.venv\Lib\site-packages\aiosqlite\core.py", line 160, in _execute
    return await future
           ^^^^^^^^^^^^
  File "D:\My_projects\Stars_Shop\.venv\Lib\site-packages\aiosqlite\core.py", line 63, in _connection_worker_thread
    result = function()
             ^^^^^^^^^^
sqlalchemy.exc.OperationalError: (sqlite3.OperationalError) no such table: users
[SQL: SELECT users.tg_id, users.spent_money, users.referral_id, users.language, users.created 
FROM users 
WHERE users.tg_id = ?]
[parameters: (1089056378,)]
(Background on this error at: https://sqlalche.me/e/21/e3q8)
INFO     | 2026-10-05 12:38:42,706 | aiogram.dispatcher:625 | Polling stopped
INFO     | 2026-10-05 12:38:42,721 | __main__:22 | Бота зупинено.
ERROR    | 2026-10-05 12:38:42,778 | aiogram.dispatcher:226 | Failed to fetch updates - TelegramNetworkError: HTTP Client says - ServerDisconnectedError: Server disconnected
WARNING  | 2026-10-05 12:38:42,782 | aiogram.dispatcher:228 | Sleep for 1.000000 seconds and try again... (tryings = 0, bot id = 8560838161)
INFO     | 2026-10-05 12:38:43,064 | aiogram.dispatcher:414 | Polling stopped for bot @CubeClashBot id=8560838161 - 'Av-Stars Store'
INFO     | 2026-10-05 12:38:43,082 | __main__:59 | Зупинено власноруч.
INFO     | 2026-10-05 12:39:00,122 | __main__:18 | Логування завершено. Підготовка запуску...
INFO     | 2026-10-05 12:39:00,670 | __main__:21 | Старт бота завершено.
INFO     | 2026-10-05 12:39:00,758 | sqlalchemy.engine.Engine:2679 | BEGIN (implicit)
INFO     | 2026-10-05 12:39:00,764 | sqlalchemy.engine.Engine:1822 | PRAGMA main.table_info("users")
INFO     | 2026-10-05 12:39:00,766 | sqlalchemy.engine.Engine:1822 | [raw sql] ()
INFO     | 2026-10-05 12:39:00,958 | sqlalchemy.engine.Engine:1822 | PRAGMA temp.table_info("users")
INFO     | 2026-10-05 12:39:00,976 | sqlalchemy.engine.Engine:1822 | [raw sql] ()
INFO     | 2026-10-05 12:39:01,082 | sqlalchemy.engine.Engine:1822 | 
CREATE TABLE users (
	tg_id BIGINT NOT NULL, 
	spent_money NUMERIC(10, 2) NOT NULL, 
	referral_id BIGINT, 
	language VARCHAR NOT NULL, 
	created DATETIME NOT NULL, 
	PRIMARY KEY (tg_id), 
	FOREIGN KEY(referral_id) REFERENCES users (tg_id) ON DELETE SET NULL
)


INFO     | 2026-10-05 12:39:01,113 | sqlalchemy.engine.Engine:1822 | [no key 0.05541s] ()
INFO     | 2026-10-05 12:39:01,182 | sqlalchemy.engine.Engine:1822 | CREATE INDEX ix_users_referral_id ON users (referral_id)
INFO     | 2026-10-05 12:39:01,189 | sqlalchemy.engine.Engine:1822 | [no key 0.01166s] ()
INFO     | 2026-10-05 12:39:01,212 | database.engine:31 | База даних успішно створена
INFO     | 2026-10-05 12:39:01,226 | sqlalchemy.engine.Engine:2685 | COMMIT
INFO     | 2026-10-05 12:39:01,241 | aiogram.dispatcher:597 | Start polling
INFO     | 2026-10-05 12:39:01,338 | aiogram.dispatcher:379 | Run polling for bot @CubeClashBot id=8560838161 - 'Av-Stars Store'
INFO     | 2026-10-05 12:40:06,248 | sqlalchemy.engine.Engine:2679 | BEGIN (implicit)
INFO     | 2026-10-05 12:40:06,446 | sqlalchemy.engine.Engine:1822 | SELECT users.tg_id, users.spent_money, users.referral_id, users.language, users.created 
FROM users 
WHERE users.tg_id = ?
INFO     | 2026-10-05 12:40:06,454 | sqlalchemy.engine.Engine:1822 | [generated in 0.02603s] (1089056378,)
INFO     | 2026-10-05 12:40:06,556 | sqlalchemy.engine.Engine:2682 | ROLLBACK
WARNING  | 2026-10-05 12:40:06,586 | root:38 | Помилка при додаванні користувача 1089056378: Unconsumed column names: language_code
Traceback (most recent call last):
  File "D:\My_projects\Stars_Shop\database\requests.py", line 33, in add_user
    await session.execute(new_user)
  File "D:\My_projects\Stars_Shop\.venv\Lib\site-packages\sqlalchemy\ext\asyncio\session.py", line 651, in execute
    result = await greenlet_spawn(
             ^^^^^^^^^^^^^^^^^^^^^
  File "D:\My_projects\Stars_Shop\.venv\Lib\site-packages\sqlalchemy\util\concurrency.py", line 199, in greenlet_spawn
    result = context.switch(*args, **kwargs)
             ^^^^^^^^^^^^^^^^^^^^^^^^^^^^^^^
  File "D:\My_projects\Stars_Shop\.venv\Lib\site-packages\sqlalchemy\orm\session.py", line 2473, in execute
    return self._execute_internal(
           ^^^^^^^^^^^^^^^^^^^^^^^
  File "D:\My_projects\Stars_Shop\.venv\Lib\site-packages\sqlalchemy\orm\session.py", line 2363, in _execute_internal
    compile_state_cls.orm_execute_statement(
  File "D:\My_projects\Stars_Shop\.venv\Lib\site-packages\sqlalchemy\orm\bulk_persistence.py", line 1341, in orm_execute_statement
    result = conn.execute(
             ^^^^^^^^^^^^^
  File "D:\My_projects\Stars_Shop\.venv\Lib\site-packages\sqlalchemy\engine\base.py", line 1448, in execute
    return meth(
           ^^^^^
  File "D:\My_projects\Stars_Shop\.venv\Lib\site-packages\sqlalchemy\sql\elements.py", line 533, in _execute_on_connection
    return connection._execute_clauseelement(
           ^^^^^^^^^^^^^^^^^^^^^^^^^^^^^^^^^^
  File "D:\My_projects\Stars_Shop\.venv\Lib\site-packages\sqlalchemy\engine\base.py", line 1659, in _execute_clauseelement
    elem._compile_w_cache(
  File "D:\My_projects\Stars_Shop\.venv\Lib\site-packages\sqlalchemy\sql\elements.py", line 733, in _compile_w_cache
    compiled_sql = self._compiler(
                   ^^^^^^^^^^^^^^^
  File "D:\My_projects\Stars_Shop\.venv\Lib\site-packages\sqlalchemy\sql\elements.py", line 330, in _compiler
    return dialect.statement_compiler(dialect, self, **kw)
           ^^^^^^^^^^^^^^^^^^^^^^^^^^^^^^^^^^^^^^^^^^^^^^^
  File "D:\My_projects\Stars_Shop\.venv\Lib\site-packages\sqlalchemy\sql\compiler.py", line 1543, in __init__
    Compiled.__init__(self, dialect, statement, **kwargs)
  File "D:\My_projects\Stars_Shop\.venv\Lib\site-packages\sqlalchemy\sql\compiler.py", line 936, in __init__
    self.string = self.process(self.statement, **compile_kwargs)
                  ^^^^^^^^^^^^^^^^^^^^^^^^^^^^^^^^^^^^^^^^^^^^^^
  File "D:\My_projects\Stars_Shop\.venv\Lib\site-packages\sqlalchemy\sql\compiler.py", line 972, in process
    return obj._compiler_dispatch(self, **kwargs)
           ^^^^^^^^^^^^^^^^^^^^^^^^^^^^^^^^^^^^^^
  File "D:\My_projects\Stars_Shop\.venv\Lib\site-packages\sqlalchemy\sql\annotation.py", line 347, in _compiler_dispatch
    return self.__element.__class__._compiler_dispatch(
           ^^^^^^^^^^^^^^^^^^^^^^^^^^^^^^^^^^^^^^^^^^^^
  File "D:\My_projects\Stars_Shop\.venv\Lib\site-packages\sqlalchemy\sql\visitors.py", line 128, in _compiler_dispatch
    return meth(self, **kw)  # type: ignore[no-any-return]  # noqa: E501
           ^^^^^^^^^^^^^^^^
  File "D:\My_projects\Stars_Shop\.venv\Lib\site-packages\sqlalchemy\sql\compiler.py", line 6282, in visit_insert
    crud_params_struct = crud._get_crud_params(
                         ^^^^^^^^^^^^^^^^^^^^^^
  File "D:\My_projects\Stars_Shop\.venv\Lib\site-packages\sqlalchemy\sql\crud.py", line 382, in _get_crud_params
    raise exc.CompileError(
sqlalchemy.exc.CompileError: Unconsumed column names: language_code
INFO     | 2026-10-05 12:40:07,045 | aiogram.event:179 | Update id=592228739 is not handled. Duration 875 ms by bot id=8560838161
ERROR    | 2026-10-05 12:40:07,047 | aiogram.event:326 | Cause exception while process update id=592228739 by bot id=8560838161
KeyNotFoundError: Key 'account_created' not found in translators
Traceback (most recent call last):
  File "D:\My_projects\Stars_Shop\.venv\Lib\site-packages\aiogram\dispatcher\dispatcher.py", line 321, in _process_update
    response = await self.feed_update(bot, update, **kwargs)
               ^^^^^^^^^^^^^^^^^^^^^^^^^^^^^^^^^^^^^^^^^^^^^
  File "D:\My_projects\Stars_Shop\.venv\Lib\site-packages\aiogram\dispatcher\dispatcher.py", line 164, in feed_update
    response = await self.update.wrap_outer_middleware(
               ^^^^^^^^^^^^^^^^^^^^^^^^^^^^^^^^^^^^^^^^
  File "D:\My_projects\Stars_Shop\.venv\Lib\site-packages\aiogram\dispatcher\middlewares\error.py", line 27, in __call__
    return await handler(event, data)
           ^^^^^^^^^^^^^^^^^^^^^^^^^^
  File "D:\My_projects\Stars_Shop\.venv\Lib\site-packages\aiogram\dispatcher\middlewares\user_context.py", line 58, in __call__
    return await handler(event, data)
           ^^^^^^^^^^^^^^^^^^^^^^^^^^
  File "D:\My_projects\Stars_Shop\.venv\Lib\site-packages\aiogram\fsm\middleware.py", line 43, in __call__
    return await handler(event, data)
           ^^^^^^^^^^^^^^^^^^^^^^^^^^
  File "D:\My_projects\Stars_Shop\middleware\base.py", line 31, in __call__
    return await handler(event, data)
    ^^^^^^^^^^^^^^^^^^^^^^^^^^
  File "D:\My_projects\Stars_Shop\.venv\Lib\site-packages\aiogram\dispatcher\event\telegram.py", line 126, in trigger
    return await wrapped_inner(event, kwargs)
           ^^^^^^^^^^^^^^^^^^^^^^^^^^^^^^^^^^
  File "D:\My_projects\Stars_Shop\.venv\Lib\site-packages\aiogram\dispatcher\event\handler.py", line 71, in call
    return await wrapped()
           ^^^^^^^^^^^^^^^
  File "D:\My_projects\Stars_Shop\.venv\Lib\site-packages\aiogram\dispatcher\dispatcher.py", line 284, in _listen_update
    return await self.propagate_event(update_type=update_type, event=event, **kwargs)
           ^^^^^^^^^^^^^^^^^^^^^^^^^^^^^^^^^^^^^^^^^^^^^^^^^^^^^^^^^^^^^^^^^^^^^^^^^^
  File "D:\My_projects\Stars_Shop\.venv\Lib\site-packages\aiogram\dispatcher\router.py", line 172, in propagate_event
    return await observer.wrap_outer_middleware(_wrapped, event=event, data=kwargs)
           ^^^^^^^^^^^^^^^^^^^^^^^^^^^^^^^^^^^^^^^^^^^^^^^^^^^^^^^^^^^^^^^^^^^^^^^^
  File "D:\My_projects\Stars_Shop\.venv\Lib\site-packages\aiogram\dispatcher\router.py", line 164, in _wrapped
    return await self._propagate_event(
           ^^^^^^^^^^^^^^^^^^^^^^^^^^^^
  File "D:\My_projects\Stars_Shop\.venv\Lib\site-packages\aiogram\dispatcher\router.py", line 200, in _propagate_event
    response = await router.propagate_event(update_type=update_type, event=event, **kwargs)
               ^^^^^^^^^^^^^^^^^^^^^^^^^^^^^^^^^^^^^^^^^^^^^^^^^^^^^^^^^^^^^^^^^^^^^^^^^^^^
  File "D:\My_projects\Stars_Shop\.venv\Lib\site-packages\aiogram\dispatcher\router.py", line 172, in propagate_event
    return await observer.wrap_outer_middleware(_wrapped, event=event, data=kwargs)
           ^^^^^^^^^^^^^^^^^^^^^^^^^^^^^^^^^^^^^^^^^^^^^^^^^^^^^^^^^^^^^^^^^^^^^^^^
  File "D:\My_projects\Stars_Shop\.venv\Lib\site-packages\aiogram\dispatcher\router.py", line 164, in _wrapped
    return await self._propagate_event(
           ^^^^^^^^^^^^^^^^^^^^^^^^^^^^
  File "D:\My_projects\Stars_Shop\.venv\Lib\site-packages\aiogram\dispatcher\router.py", line 192, in _propagate_event
    response = await observer.trigger(event, **kwargs)
               ^^^^^^^^^^^^^^^^^^^^^^^^^^^^^^^^^^^^^^^
  File "D:\My_projects\Stars_Shop\.venv\Lib\site-packages\aiogram\dispatcher\event\telegram.py", line 126, in trigger
    return await wrapped_inner(event, kwargs)
           ^^^^^^^^^^^^^^^^^^^^^^^^^^^^^^^^^^
  File "D:\My_projects\Stars_Shop\middleware\md_i18n.py", line 29, in __call__
    return await handler(event, data)
           ^^^^^^^^^^^^^^^^^^^^^^^^^^
  File "D:\My_projects\Stars_Shop\middleware\base.py", line 44, in __call__
    return await handler(event, data)
           ^^^^^^^^^^^^^^^^^^^^^^^^^^
  File "D:\My_projects\Stars_Shop\.venv\Lib\site-packages\aiogram\dispatcher\event\handler.py", line 71, in call
    return await wrapped()
           ^^^^^^^^^^^^^^^
  File "D:\My_projects\Stars_Shop\handlers\basic.py", line 53, in cmd_start
    text = i18n.get('account_created')
           ^^^^^^^^^^^^^^^^^^^^^^^^^^^
  File "D:\My_projects\Stars_Shop\.venv\Lib\site-packages\fluentogram\runner.py", line 18, in get
    return self._get_translation(key, **kwargs)
           ^^^^^^^^^^^^^^^^^^^^^^^^^^^^^^^^^^^^
  File "D:\My_projects\Stars_Shop\.venv\Lib\site-packages\fluentogram\runner.py", line 26, in _get_translation
    raise KeyNotFoundError(key)
fluentogram.exceptions.KeyNotFoundError: Key 'account_created' not found in translators
INFO     | 2026-10-05 12:45:26,394 | aiogram.dispatcher:625 | Polling stopped
INFO     | 2026-10-05 12:45:26,419 | __main__:25 | Бота зупинено.
ERROR    | 2026-10-05 12:45:26,473 | aiogram.dispatcher:226 | Failed to fetch updates - TelegramNetworkError: HTTP Client says - ServerDisconnectedError: Server disconnected
WARNING  | 2026-10-05 12:45:26,473 | aiogram.dispatcher:228 | Sleep for 1.000000 seconds and try again... (tryings = 0, bot id = 8560838161)
INFO     | 2026-10-05 12:45:26,747 | aiogram.dispatcher:414 | Polling stopped for bot @CubeClashBot id=8560838161 - 'Av-Stars Store'
INFO     | 2026-10-05 12:45:26,757 | __main__:62 | Зупинено власноруч.
INFO     | 2026-10-05 12:45:55,994 | __main__:18 | Логування завершено. Підготовка запуску...
INFO     | 2026-10-05 12:45:56,948 | __main__:21 | Старт бота завершено.
INFO     | 2026-10-05 12:45:57,100 | sqlalchemy.engine.Engine:2679 | BEGIN (implicit)
INFO     | 2026-10-05 12:45:57,120 | sqlalchemy.engine.Engine:1822 | PRAGMA main.table_info("users")
INFO     | 2026-10-05 12:45:57,124 | sqlalchemy.engine.Engine:1822 | [raw sql] ()
INFO     | 2026-10-05 12:45:57,167 | database.engine:31 | База даних успішно створена
INFO     | 2026-10-05 12:45:57,171 | sqlalchemy.engine.Engine:2685 | COMMIT
INFO     | 2026-10-05 12:45:57,177 | aiogram.dispatcher:597 | Start polling
INFO     | 2026-10-05 12:45:57,281 | aiogram.dispatcher:379 | Run polling for bot @CubeClashBot id=8560838161 - 'Av-Stars Store'
INFO     | 2026-10-05 12:46:05,805 | sqlalchemy.engine.Engine:2679 | BEGIN (implicit)
INFO     | 2026-10-05 12:46:05,816 | sqlalchemy.engine.Engine:1822 | SELECT users.tg_id, users.spent_money, users.referral_id, users.language, users.created 
FROM users 
WHERE users.tg_id = ?
INFO     | 2026-10-05 12:46:05,818 | sqlalchemy.engine.Engine:1822 | [generated in 0.00148s] (1089056378,)
INFO     | 2026-10-05 12:46:05,834 | sqlalchemy.engine.Engine:1822 | INSERT INTO users (tg_id, spent_money, referral_id, language, created) VALUES (?, ?, ?, ?, CURRENT_TIMESTAMP) ON CONFLICT (tg_id) DO NOTHING
INFO     | 2026-10-05 12:46:05,836 | sqlalchemy.engine.Engine:1822 | [generated in 0.00528s] (1089056378, 0.0, None, 'uk')
INFO     | 2026-10-05 12:46:05,848 | sqlalchemy.engine.Engine:2685 | COMMIT
INFO     | 2026-10-05 12:46:05,856 | database.requests:35 | Нового користувача створено: 1089056378
INFO     | 2026-10-05 12:46:06,176 | aiogram.event:179 | Update id=592228740 is handled. Duration 375 ms by bot id=8560838161
INFO     | 2026-10-05 12:46:13,482 | sqlalchemy.engine.Engine:2679 | BEGIN (implicit)
INFO     | 2026-10-05 12:46:13,487 | sqlalchemy.engine.Engine:1822 | SELECT users.tg_id, users.spent_money, users.referral_id, users.language, users.created 
FROM users 
WHERE users.tg_id = ?
INFO     | 2026-10-05 12:46:13,488 | sqlalchemy.engine.Engine:1822 | [cached since 7.672s ago] (1089056378,)
INFO     | 2026-10-05 12:46:13,680 | sqlalchemy.engine.Engine:2682 | ROLLBACK
INFO     | 2026-10-05 12:46:13,681 | aiogram.event:179 | Update id=592228741 is handled. Duration 187 ms by bot id=8560838161
INFO     | 2026-10-05 12:46:16,961 | sqlalchemy.engine.Engine:2679 | BEGIN (implicit)
INFO     | 2026-10-05 12:46:16,964 | sqlalchemy.engine.Engine:1822 | SELECT users.tg_id, users.spent_money, users.referral_id, users.language, users.created 
FROM users 
WHERE users.tg_id = ?
INFO     | 2026-10-05 12:46:16,964 | sqlalchemy.engine.Engine:1822 | [cached since 11.15s ago] (1089056378,)
INFO     | 2026-10-05 12:46:17,094 | sqlalchemy.engine.Engine:2682 | ROLLBACK
INFO     | 2026-10-05 12:46:17,096 | aiogram.event:179 | Update id=592228742 is handled. Duration 139 ms by bot id=8560838161
ERROR    | 2026-10-05 13:15:56,031 | aiogram.dispatcher:226 | Failed to fetch updates - TelegramNetworkError: HTTP Client says - Request timeout error
WARNING  | 2026-10-05 13:15:56,266 | aiogram.dispatcher:228 | Sleep for 1.000000 seconds and try again... (tryings = 0, bot id = 8560838161)
ERROR    | 2026-10-05 13:15:57,880 | aiogram.dispatcher:226 | Failed to fetch updates - TelegramNetworkError: HTTP Client says - ClientConnectorError: Cannot connect to host api.telegram.org:443 ssl:default [The network location cannot be reached. For information about network troubleshooting, see Windows Help]
WARNING  | 2026-10-05 13:15:57,978 | aiogram.dispatcher:228 | Sleep for 1.169377 seconds and try again... (tryings = 1, bot id = 8560838161)
ERROR    | 2026-10-05 13:15:59,346 | aiogram.dispatcher:226 | Failed to fetch updates - TelegramNetworkError: HTTP Client says - ClientConnectorError: Cannot connect to host api.telegram.org:443 ssl:default [The network location cannot be reached. For information about network troubleshooting, see Windows Help]
WARNING  | 2026-10-05 13:15:59,370 | aiogram.dispatcher:228 | Sleep for 1.526427 seconds and try again... (tryings = 2, bot id = 8560838161)
ERROR    | 2026-10-05 13:16:00,925 | aiogram.dispatcher:226 | Failed to fetch updates - TelegramNetworkError: HTTP Client says - ClientConnectorError: Cannot connect to host api.telegram.org:443 ssl:default [The network location cannot be reached. For information about network troubleshooting, see Windows Help]
WARNING  | 2026-10-05 13:16:00,926 | aiogram.dispatcher:228 | Sleep for 2.079386 seconds and try again... (tryings = 3, bot id = 8560838161)
ERROR    | 2026-10-05 13:16:03,014 | aiogram.dispatcher:226 | Failed to fetch updates - TelegramNetworkError: HTTP Client says - ClientConnectorError: Cannot connect to host api.telegram.org:443 ssl:default [The network location cannot be reached. For information about network troubleshooting, see Windows Help]
WARNING  | 2026-10-05 13:16:03,021 | aiogram.dispatcher:228 | Sleep for 2.757857 seconds and try again... (tryings = 4, bot id = 8560838161)
ERROR    | 2026-10-05 13:16:05,796 | aiogram.dispatcher:226 | Failed to fetch updates - TelegramNetworkError: HTTP Client says - ClientConnectorError: Cannot connect to host api.telegram.org:443 ssl:default [The network location cannot be reached. For information about network troubleshooting, see Windows Help]
WARNING  | 2026-10-05 13:16:05,800 | aiogram.dispatcher:228 | Sleep for 3.481528 seconds and try again... (tryings = 5, bot id = 8560838161)
ERROR    | 2026-10-05 13:16:09,296 | aiogram.dispatcher:226 | Failed to fetch updates - TelegramNetworkError: HTTP Client says - ClientConnectorError: Cannot connect to host api.telegram.org:443 ssl:default [The network location cannot be reached. For information about network troubleshooting, see Windows Help]
WARNING  | 2026-10-05 13:16:09,301 | aiogram.dispatcher:228 | Sleep for 4.454877 seconds and try again... (tryings = 6, bot id = 8560838161)
ERROR    | 2026-10-05 13:16:13,766 | aiogram.dispatcher:226 | Failed to fetch updates - TelegramNetworkError: HTTP Client says - ClientConnectorError: Cannot connect to host api.telegram.org:443 ssl:default [The network location cannot be reached. For information about network troubleshooting, see Windows Help]
WARNING  | 2026-10-05 13:16:13,766 | aiogram.dispatcher:228 | Sleep for 5.136579 seconds and try again... (tryings = 7, bot id = 8560838161)
ERROR    | 2026-10-05 13:16:19,137 | aiogram.dispatcher:226 | Failed to fetch updates - TelegramNetworkError: HTTP Client says - ClientConnectorError: Cannot connect to host api.telegram.org:443 ssl:default [The network location cannot be reached. For information about network troubleshooting, see Windows Help]
WARNING  | 2026-10-05 13:16:19,137 | aiogram.dispatcher:228 | Sleep for 4.895898 seconds and try again... (tryings = 8, bot id = 8560838161)
ERROR    | 2026-10-05 13:16:24,040 | aiogram.dispatcher:226 | Failed to fetch updates - TelegramNetworkError: HTTP Client says - ClientConnectorError: Cannot connect to host api.telegram.org:443 ssl:default [The network location cannot be reached. For information about network troubleshooting, see Windows Help]
WARNING  | 2026-10-05 13:16:24,043 | aiogram.dispatcher:228 | Sleep for 4.966940 seconds and try again... (tryings = 9, bot id = 8560838161)
ERROR    | 2026-10-05 13:16:29,012 | aiogram.dispatcher:226 | Failed to fetch updates - TelegramNetworkError: HTTP Client says - ClientConnectorError: Cannot connect to host api.telegram.org:443 ssl:default [The network location cannot be reached. For information about network troubleshooting, see Windows Help]
WARNING  | 2026-10-05 13:16:29,013 | aiogram.dispatcher:228 | Sleep for 5.116900 seconds and try again... (tryings = 10, bot id = 8560838161)
ERROR    | 2026-10-05 13:16:34,138 | aiogram.dispatcher:226 | Failed to fetch updates - TelegramNetworkError: HTTP Client says - ClientConnectorError: Cannot connect to host api.telegram.org:443 ssl:default [The network location cannot be reached. For information about network troubleshooting, see Windows Help]
WARNING  | 2026-10-05 13:16:34,138 | aiogram.dispatcher:228 | Sleep for 5.011228 seconds and try again... (tryings = 11, bot id = 8560838161)
ERROR    | 2026-10-05 13:16:39,163 | aiogram.dispatcher:226 | Failed to fetch updates - TelegramNetworkError: HTTP Client says - ClientConnectorError: Cannot connect to host api.telegram.org:443 ssl:default [The network location cannot be reached. For information about network troubleshooting, see Windows Help]
WARNING  | 2026-10-05 13:16:39,165 | aiogram.dispatcher:228 | Sleep for 4.910416 seconds and try again... (tryings = 12, bot id = 8560838161)
ERROR    | 2026-10-05 13:16:44,094 | aiogram.dispatcher:226 | Failed to fetch updates - TelegramNetworkError: HTTP Client says - ClientConnectorError: Cannot connect to host api.telegram.org:443 ssl:default [The network location cannot be reached. For information about network troubleshooting, see Windows Help]
WARNING  | 2026-10-05 13:16:44,111 | aiogram.dispatcher:228 | Sleep for 5.055148 seconds and try again... (tryings = 13, bot id = 8560838161)
ERROR    | 2026-10-05 13:16:49,193 | aiogram.dispatcher:226 | Failed to fetch updates - TelegramNetworkError: HTTP Client says - ClientConnectorError: Cannot connect to host api.telegram.org:443 ssl:default [The network location cannot be reached. For information about network troubleshooting, see Windows Help]
WARNING  | 2026-10-05 13:16:49,193 | aiogram.dispatcher:228 | Sleep for 4.963383 seconds and try again... (tryings = 14, bot id = 8560838161)
ERROR    | 2026-10-05 13:16:54,161 | aiogram.dispatcher:226 | Failed to fetch updates - TelegramNetworkError: HTTP Client says - ClientConnectorError: Cannot connect to host api.telegram.org:443 ssl:default [The network location cannot be reached. For information about network troubleshooting, see Windows Help]
WARNING  | 2026-10-05 13:16:54,161 | aiogram.dispatcher:228 | Sleep for 5.022845 seconds and try again... (tryings = 15, bot id = 8560838161)
ERROR    | 2026-10-05 13:16:59,212 | aiogram.dispatcher:226 | Failed to fetch updates - TelegramNetworkError: HTTP Client says - ClientConnectorError: Cannot connect to host api.telegram.org:443 ssl:default [The network location cannot be reached. For information about network troubleshooting, see Windows Help]
WARNING  | 2026-10-05 13:16:59,212 | aiogram.dispatcher:228 | Sleep for 4.961192 seconds and try again... (tryings = 16, bot id = 8560838161)
ERROR    | 2026-10-05 13:17:04,177 | aiogram.dispatcher:226 | Failed to fetch updates - TelegramNetworkError: HTTP Client says - ClientConnectorError: Cannot connect to host api.telegram.org:443 ssl:default [The network location cannot be reached. For information about network troubleshooting, see Windows Help]
WARNING  | 2026-10-05 13:17:04,177 | aiogram.dispatcher:228 | Sleep for 5.060836 seconds and try again... (tryings = 17, bot id = 8560838161)
ERROR    | 2026-10-05 13:17:09,241 | aiogram.dispatcher:226 | Failed to fetch updates - TelegramNetworkError: HTTP Client says - ClientConnectorError: Cannot connect to host api.telegram.org:443 ssl:default [The network location cannot be reached. For information about network troubleshooting, see Windows Help]
WARNING  | 2026-10-05 13:17:09,243 | aiogram.dispatcher:228 | Sleep for 4.951381 seconds and try again... (tryings = 18, bot id = 8560838161)
ERROR    | 2026-10-05 13:17:14,201 | aiogram.dispatcher:226 | Failed to fetch updates - TelegramNetworkError: HTTP Client says - ClientConnectorError: Cannot connect to host api.telegram.org:443 ssl:default [The network location cannot be reached. For information about network troubleshooting, see Windows Help]
WARNING  | 2026-10-05 13:17:14,203 | aiogram.dispatcher:228 | Sleep for 4.911314 seconds and try again... (tryings = 19, bot id = 8560838161)
ERROR    | 2026-10-05 13:17:19,118 | aiogram.dispatcher:226 | Failed to fetch updates - TelegramNetworkError: HTTP Client says - ClientConnectorError: Cannot connect to host api.telegram.org:443 ssl:default [The network location cannot be reached. For information about network troubleshooting, see Windows Help]
WARNING  | 2026-10-05 13:17:19,118 | aiogram.dispatcher:228 | Sleep for 5.005673 seconds and try again... (tryings = 20, bot id = 8560838161)
ERROR    | 2026-10-05 13:17:24,128 | aiogram.dispatcher:226 | Failed to fetch updates - TelegramNetworkError: HTTP Client says - ClientConnectorError: Cannot connect to host api.telegram.org:443 ssl:default [The network location cannot be reached. For information about network troubleshooting, see Windows Help]
WARNING  | 2026-10-05 13:17:24,128 | aiogram.dispatcher:228 | Sleep for 5.031856 seconds and try again... (tryings = 21, bot id = 8560838161)
ERROR    | 2026-10-05 13:17:29,163 | aiogram.dispatcher:226 | Failed to fetch updates - TelegramNetworkError: HTTP Client says - ClientConnectorError: Cannot connect to host api.telegram.org:443 ssl:default [The network location cannot be reached. For information about network troubleshooting, see Windows Help]
WARNING  | 2026-10-05 13:17:29,166 | aiogram.dispatcher:228 | Sleep for 4.927308 seconds and try again... (tryings = 22, bot id = 8560838161)
ERROR    | 2026-10-05 13:17:34,100 | aiogram.dispatcher:226 | Failed to fetch updates - TelegramNetworkError: HTTP Client says - ClientConnectorError: Cannot connect to host api.telegram.org:443 ssl:default [The network location cannot be reached. For information about network troubleshooting, see Windows Help]
WARNING  | 2026-10-05 13:17:34,100 | aiogram.dispatcher:228 | Sleep for 4.972451 seconds and try again... (tryings = 23, bot id = 8560838161)
ERROR    | 2026-10-05 13:17:39,075 | aiogram.dispatcher:226 | Failed to fetch updates - TelegramNetworkError: HTTP Client says - ClientConnectorError: Cannot connect to host api.telegram.org:443 ssl:default [The network location cannot be reached. For information about network troubleshooting, see Windows Help]
WARNING  | 2026-10-05 13:17:39,075 | aiogram.dispatcher:228 | Sleep for 5.112330 seconds and try again... (tryings = 24, bot id = 8560838161)
ERROR    | 2026-10-05 13:17:44,192 | aiogram.dispatcher:226 | Failed to fetch updates - TelegramNetworkError: HTTP Client says - ClientConnectorError: Cannot connect to host api.telegram.org:443 ssl:default [The network location cannot be reached. For information about network troubleshooting, see Windows Help]
WARNING  | 2026-10-05 13:17:44,192 | aiogram.dispatcher:228 | Sleep for 5.131474 seconds and try again... (tryings = 25, bot id = 8560838161)
ERROR    | 2026-10-05 13:17:49,328 | aiogram.dispatcher:226 | Failed to fetch updates - TelegramNetworkError: HTTP Client says - ClientConnectorError: Cannot connect to host api.telegram.org:443 ssl:default [The network location cannot be reached. For information about network troubleshooting, see Windows Help]
WARNING  | 2026-10-05 13:17:49,328 | aiogram.dispatcher:228 | Sleep for 5.099421 seconds and try again... (tryings = 26, bot id = 8560838161)
ERROR    | 2026-10-05 13:17:54,430 | aiogram.dispatcher:226 | Failed to fetch updates - TelegramNetworkError: HTTP Client says - ClientConnectorError: Cannot connect to host api.telegram.org:443 ssl:default [The network location cannot be reached. For information about network troubleshooting, see Windows Help]
WARNING  | 2026-10-05 13:17:54,430 | aiogram.dispatcher:228 | Sleep for 5.039073 seconds and try again... (tryings = 27, bot id = 8560838161)
ERROR    | 2026-10-05 13:17:59,476 | aiogram.dispatcher:226 | Failed to fetch updates - TelegramNetworkError: HTTP Client says - ClientConnectorError: Cannot connect to host api.telegram.org:443 ssl:default [The network location cannot be reached. For information about network troubleshooting, see Windows Help]
WARNING  | 2026-10-05 13:17:59,476 | aiogram.dispatcher:228 | Sleep for 5.081857 seconds and try again... (tryings = 28, bot id = 8560838161)
ERROR    | 2026-10-05 13:18:04,575 | aiogram.dispatcher:226 | Failed to fetch updates - TelegramNetworkError: HTTP Client says - ClientConnectorError: Cannot connect to host api.telegram.org:443 ssl:default [The network location cannot be reached. For information about network troubleshooting, see Windows Help]
WARNING  | 2026-10-05 13:18:04,576 | aiogram.dispatcher:228 | Sleep for 4.934444 seconds and try again... (tryings = 29, bot id = 8560838161)
ERROR    | 2026-10-05 13:18:09,537 | aiogram.dispatcher:226 | Failed to fetch updates - TelegramNetworkError: HTTP Client says - ClientConnectorError: Cannot connect to host api.telegram.org:443 ssl:default [The network location cannot be reached. For information about network troubleshooting, see Windows Help]
WARNING  | 2026-10-05 13:18:09,545 | aiogram.dispatcher:228 | Sleep for 5.079936 seconds and try again... (tryings = 30, bot id = 8560838161)
ERROR    | 2026-10-05 13:18:14,670 | aiogram.dispatcher:226 | Failed to fetch updates - TelegramNetworkError: HTTP Client says - ClientConnectorError: Cannot connect to host api.telegram.org:443 ssl:default [The network location cannot be reached. For information about network troubleshooting, see Windows Help]
WARNING  | 2026-10-05 13:18:14,673 | aiogram.dispatcher:228 | Sleep for 5.093493 seconds and try again... (tryings = 31, bot id = 8560838161)
ERROR    | 2026-10-05 13:18:19,767 | aiogram.dispatcher:226 | Failed to fetch updates - TelegramNetworkError: HTTP Client says - ClientConnectorError: Cannot connect to host api.telegram.org:443 ssl:default [The network location cannot be reached. For information about network troubleshooting, see Windows Help]
WARNING  | 2026-10-05 13:18:19,767 | aiogram.dispatcher:228 | Sleep for 4.929226 seconds and try again... (tryings = 32, bot id = 8560838161)
ERROR    | 2026-10-05 13:18:24,734 | aiogram.dispatcher:226 | Failed to fetch updates - TelegramNetworkError: HTTP Client says - ClientConnectorError: Cannot connect to host api.telegram.org:443 ssl:default [The network location cannot be reached. For information about network troubleshooting, see Windows Help]
WARNING  | 2026-10-05 13:18:24,735 | aiogram.dispatcher:228 | Sleep for 4.997881 seconds and try again... (tryings = 33, bot id = 8560838161)
ERROR    | 2026-10-05 13:18:30,235 | aiogram.dispatcher:226 | Failed to fetch updates - TelegramNetworkError: HTTP Client says - ClientConnectorError: Cannot connect to host api.telegram.org:443 ssl:default [The network location cannot be reached. For information about network troubleshooting, see Windows Help]
WARNING  | 2026-10-05 13:18:30,235 | aiogram.dispatcher:228 | Sleep for 5.084802 seconds and try again... (tryings = 34, bot id = 8560838161)
ERROR    | 2026-10-05 13:18:35,335 | aiogram.dispatcher:226 | Failed to fetch updates - TelegramNetworkError: HTTP Client says - ClientConnectorError: Cannot connect to host api.telegram.org:443 ssl:default [The network location cannot be reached. For information about network troubleshooting, see Windows Help]
WARNING  | 2026-10-05 13:18:35,335 | aiogram.dispatcher:228 | Sleep for 4.847391 seconds and try again... (tryings = 35, bot id = 8560838161)
ERROR    | 2026-10-05 13:18:40,314 | aiogram.dispatcher:226 | Failed to fetch updates - TelegramNetworkError: HTTP Client says - ClientConnectorError: Cannot connect to host api.telegram.org:443 ssl:default [The network location cannot be reached. For information about network troubleshooting, see Windows Help]
WARNING  | 2026-10-05 13:18:40,328 | aiogram.dispatcher:228 | Sleep for 4.992864 seconds and try again... (tryings = 36, bot id = 8560838161)
ERROR    | 2026-10-05 13:18:45,330 | aiogram.dispatcher:226 | Failed to fetch updates - TelegramNetworkError: HTTP Client says - ClientConnectorError: Cannot connect to host api.telegram.org:443 ssl:default [The network location cannot be reached. For information about network troubleshooting, see Windows Help]
WARNING  | 2026-10-05 13:18:45,332 | aiogram.dispatcher:228 | Sleep for 5.206815 seconds and try again... (tryings = 37, bot id = 8560838161)
ERROR    | 2026-10-05 13:18:50,541 | aiogram.dispatcher:226 | Failed to fetch updates - TelegramNetworkError: HTTP Client says - ClientConnectorError: Cannot connect to host api.telegram.org:443 ssl:default [The network location cannot be reached. For information about network troubleshooting, see Windows Help]
WARNING  | 2026-10-05 13:18:50,541 | aiogram.dispatcher:228 | Sleep for 5.020407 seconds and try again... (tryings = 38, bot id = 8560838161)
ERROR    | 2026-10-05 13:18:55,568 | aiogram.dispatcher:226 | Failed to fetch updates - TelegramNetworkError: HTTP Client says - ClientConnectorError: Cannot connect to host api.telegram.org:443 ssl:default [The network location cannot be reached. For information about network troubleshooting, see Windows Help]
WARNING  | 2026-10-05 13:18:55,568 | aiogram.dispatcher:228 | Sleep for 4.881535 seconds and try again... (tryings = 39, bot id = 8560838161)
ERROR    | 2026-10-05 13:19:00,457 | aiogram.dispatcher:226 | Failed to fetch updates - TelegramNetworkError: HTTP Client says - ClientConnectorError: Cannot connect to host api.telegram.org:443 ssl:default [The network location cannot be reached. For information about network troubleshooting, see Windows Help]
WARNING  | 2026-10-05 13:19:00,457 | aiogram.dispatcher:228 | Sleep for 4.939787 seconds and try again... (tryings = 40, bot id = 8560838161)
ERROR    | 2026-10-05 13:19:05,401 | aiogram.dispatcher:226 | Failed to fetch updates - TelegramNetworkError: HTTP Client says - ClientConnectorError: Cannot connect to host api.telegram.org:443 ssl:default [The network location cannot be reached. For information about network troubleshooting, see Windows Help]
WARNING  | 2026-10-05 13:19:05,401 | aiogram.dispatcher:228 | Sleep for 5.072844 seconds and try again... (tryings = 41, bot id = 8560838161)
ERROR    | 2026-10-05 13:19:10,475 | aiogram.dispatcher:226 | Failed to fetch updates - TelegramNetworkError: HTTP Client says - ClientConnectorError: Cannot connect to host api.telegram.org:443 ssl:default [The network location cannot be reached. For information about network troubleshooting, see Windows Help]
WARNING  | 2026-10-05 13:19:10,475 | aiogram.dispatcher:228 | Sleep for 4.886457 seconds and try again... (tryings = 42, bot id = 8560838161)
ERROR    | 2026-10-05 13:19:15,366 | aiogram.dispatcher:226 | Failed to fetch updates - TelegramNetworkError: HTTP Client says - ClientConnectorError: Cannot connect to host api.telegram.org:443 ssl:default [The network location cannot be reached. For information about network troubleshooting, see Windows Help]
WARNING  | 2026-10-05 13:19:15,366 | aiogram.dispatcher:228 | Sleep for 5.026360 seconds and try again... (tryings = 43, bot id = 8560838161)
ERROR    | 2026-10-05 13:19:20,398 | aiogram.dispatcher:226 | Failed to fetch updates - TelegramNetworkError: HTTP Client says - ClientConnectorError: Cannot connect to host api.telegram.org:443 ssl:default [The network location cannot be reached. For information about network troubleshooting, see Windows Help]
WARNING  | 2026-10-05 13:19:20,398 | aiogram.dispatcher:228 | Sleep for 5.217885 seconds and try again... (tryings = 44, bot id = 8560838161)
ERROR    | 2026-10-05 13:19:25,623 | aiogram.dispatcher:226 | Failed to fetch updates - TelegramNetworkError: HTTP Client says - ClientConnectorError: Cannot connect to host api.telegram.org:443 ssl:default [The network location cannot be reached. For information about network troubleshooting, see Windows Help]
WARNING  | 2026-10-05 13:19:25,623 | aiogram.dispatcher:228 | Sleep for 5.026283 seconds and try again... (tryings = 45, bot id = 8560838161)
ERROR    | 2026-10-05 13:19:30,659 | aiogram.dispatcher:226 | Failed to fetch updates - TelegramNetworkError: HTTP Client says - ClientConnectorError: Cannot connect to host api.telegram.org:443 ssl:default [The network location cannot be reached. For information about network troubleshooting, see Windows Help]
WARNING  | 2026-10-05 13:19:30,659 | aiogram.dispatcher:228 | Sleep for 4.938915 seconds and try again... (tryings = 46, bot id = 8560838161)
ERROR    | 2026-10-05 13:19:35,599 | aiogram.dispatcher:226 | Failed to fetch updates - TelegramNetworkError: HTTP Client says - ClientConnectorError: Cannot connect to host api.telegram.org:443 ssl:default [The network location cannot be reached. For information about network troubleshooting, see Windows Help]
WARNING  | 2026-10-05 13:19:35,599 | aiogram.dispatcher:228 | Sleep for 4.931294 seconds and try again... (tryings = 47, bot id = 8560838161)
ERROR    | 2026-10-05 13:19:40,540 | aiogram.dispatcher:226 | Failed to fetch updates - TelegramNetworkError: HTTP Client says - ClientConnectorError: Cannot connect to host api.telegram.org:443 ssl:default [The network location cannot be reached. For information about network troubleshooting, see Windows Help]
WARNING  | 2026-10-05 13:19:40,540 | aiogram.dispatcher:228 | Sleep for 4.942619 seconds and try again... (tryings = 48, bot id = 8560838161)
ERROR    | 2026-10-05 13:19:45,489 | aiogram.dispatcher:226 | Failed to fetch updates - TelegramNetworkError: HTTP Client says - ClientConnectorError: Cannot connect to host api.telegram.org:443 ssl:default [The network location cannot be reached. For information about network troubleshooting, see Windows Help]
WARNING  | 2026-10-05 13:19:45,489 | aiogram.dispatcher:228 | Sleep for 5.074652 seconds and try again... (tryings = 49, bot id = 8560838161)
ERROR    | 2026-10-05 13:19:50,566 | aiogram.dispatcher:226 | Failed to fetch updates - TelegramNetworkError: HTTP Client says - ClientConnectorError: Cannot connect to host api.telegram.org:443 ssl:default [The network location cannot be reached. For information about network troubleshooting, see Windows Help]
WARNING  | 2026-10-05 13:19:50,566 | aiogram.dispatcher:228 | Sleep for 5.056430 seconds and try again... (tryings = 50, bot id = 8560838161)
ERROR    | 2026-10-05 13:19:55,632 | aiogram.dispatcher:226 | Failed to fetch updates - TelegramNetworkError: HTTP Client says - ClientConnectorError: Cannot connect to host api.telegram.org:443 ssl:default [The network location cannot be reached. For information about network troubleshooting, see Windows Help]
WARNING  | 2026-10-05 13:19:55,632 | aiogram.dispatcher:228 | Sleep for 4.946115 seconds and try again... (tryings = 51, bot id = 8560838161)
ERROR    | 2026-10-05 13:20:00,591 | aiogram.dispatcher:226 | Failed to fetch updates - TelegramNetworkError: HTTP Client says - ClientConnectorError: Cannot connect to host api.telegram.org:443 ssl:default [The network location cannot be reached. For information about network troubleshooting, see Windows Help]
WARNING  | 2026-10-05 13:20:00,596 | aiogram.dispatcher:228 | Sleep for 5.016603 seconds and try again... (tryings = 52, bot id = 8560838161)
ERROR    | 2026-10-05 13:20:05,635 | aiogram.dispatcher:226 | Failed to fetch updates - TelegramNetworkError: HTTP Client says - ClientConnectorError: Cannot connect to host api.telegram.org:443 ssl:default [The network location cannot be reached. For information about network troubleshooting, see Windows Help]
WARNING  | 2026-10-05 13:20:05,638 | aiogram.dispatcher:228 | Sleep for 4.925922 seconds and try again... (tryings = 53, bot id = 8560838161)
ERROR    | 2026-10-05 13:20:10,573 | aiogram.dispatcher:226 | Failed to fetch updates - TelegramNetworkError: HTTP Client says - ClientConnectorError: Cannot connect to host api.telegram.org:443 ssl:default [The network location cannot be reached. For information about network troubleshooting, see Windows Help]
WARNING  | 2026-10-05 13:20:10,573 | aiogram.dispatcher:228 | Sleep for 4.994475 seconds and try again... (tryings = 54, bot id = 8560838161)
ERROR    | 2026-10-05 13:20:15,572 | aiogram.dispatcher:226 | Failed to fetch updates - TelegramNetworkError: HTTP Client says - ClientConnectorError: Cannot connect to host api.telegram.org:443 ssl:default [The network location cannot be reached. For information about network troubleshooting, see Windows Help]
WARNING  | 2026-10-05 13:20:15,572 | aiogram.dispatcher:228 | Sleep for 4.934536 seconds and try again... (tryings = 55, bot id = 8560838161)
ERROR    | 2026-10-05 13:20:20,508 | aiogram.dispatcher:226 | Failed to fetch updates - TelegramNetworkError: HTTP Client says - ClientConnectorError: Cannot connect to host api.telegram.org:443 ssl:default [The network location cannot be reached. For information about network troubleshooting, see Windows Help]
WARNING  | 2026-10-05 13:20:20,508 | aiogram.dispatcher:228 | Sleep for 4.925292 seconds and try again... (tryings = 56, bot id = 8560838161)
ERROR    | 2026-10-05 13:20:25,440 | aiogram.dispatcher:226 | Failed to fetch updates - TelegramNetworkError: HTTP Client says - ClientConnectorError: Cannot connect to host api.telegram.org:443 ssl:default [The network location cannot be reached. For information about network troubleshooting, see Windows Help]
WARNING  | 2026-10-05 13:20:25,440 | aiogram.dispatcher:228 | Sleep for 4.957615 seconds and try again... (tryings = 57, bot id = 8560838161)
ERROR    | 2026-10-05 13:20:30,422 | aiogram.dispatcher:226 | Failed to fetch updates - TelegramNetworkError: HTTP Client says - ClientConnectorError: Cannot connect to host api.telegram.org:443 ssl:default [The network location cannot be reached. For information about network troubleshooting, see Windows Help]
WARNING  | 2026-10-05 13:20:30,424 | aiogram.dispatcher:228 | Sleep for 4.919948 seconds and try again... (tryings = 58, bot id = 8560838161)
ERROR    | 2026-10-05 13:20:35,352 | aiogram.dispatcher:226 | Failed to fetch updates - TelegramNetworkError: HTTP Client says - ClientConnectorError: Cannot connect to host api.telegram.org:443 ssl:default [The network location cannot be reached. For information about network troubleshooting, see Windows Help]
WARNING  | 2026-10-05 13:20:35,355 | aiogram.dispatcher:228 | Sleep for 4.862229 seconds and try again... (tryings = 59, bot id = 8560838161)
ERROR    | 2026-10-05 13:20:40,223 | aiogram.dispatcher:226 | Failed to fetch updates - TelegramNetworkError: HTTP Client says - ClientConnectorError: Cannot connect to host api.telegram.org:443 ssl:default [The network location cannot be reached. For information about network troubleshooting, see Windows Help]
WARNING  | 2026-10-05 13:20:40,223 | aiogram.dispatcher:228 | Sleep for 5.148143 seconds and try again... (tryings = 60, bot id = 8560838161)
ERROR    | 2026-10-05 13:20:45,444 | aiogram.dispatcher:226 | Failed to fetch updates - TelegramNetworkError: HTTP Client says - ClientConnectorError: Cannot connect to host api.telegram.org:443 ssl:default [The network location cannot be reached. For information about network troubleshooting, see Windows Help]
WARNING  | 2026-10-05 13:20:45,521 | aiogram.dispatcher:228 | Sleep for 4.949925 seconds and try again... (tryings = 61, bot id = 8560838161)
ERROR    | 2026-10-05 13:20:50,488 | aiogram.dispatcher:226 | Failed to fetch updates - TelegramNetworkError: HTTP Client says - ClientConnectorError: Cannot connect to host api.telegram.org:443 ssl:default [The network location cannot be reached. For information about network troubleshooting, see Windows Help]
WARNING  | 2026-10-05 13:20:50,489 | aiogram.dispatcher:228 | Sleep for 4.960216 seconds and try again... (tryings = 62, bot id = 8560838161)
ERROR    | 2026-10-05 13:20:55,467 | aiogram.dispatcher:226 | Failed to fetch updates - TelegramNetworkError: HTTP Client says - ClientConnectorError: Cannot connect to host api.telegram.org:443 ssl:default [The network location cannot be reached. For information about network troubleshooting, see Windows Help]
WARNING  | 2026-10-05 13:20:55,467 | aiogram.dispatcher:228 | Sleep for 4.872045 seconds and try again... (tryings = 63, bot id = 8560838161)
INFO     | 2026-10-05 13:21:11,731 | aiogram.dispatcher:240 | Connection established (tryings = 64, bot id = 8560838161)
INFO     | 2026-10-05 13:52:17,200 | aiogram.dispatcher:625 | Polling stopped
INFO     | 2026-10-05 13:52:17,220 | __main__:25 | Бота зупинено.
ERROR    | 2026-10-05 13:52:17,278 | aiogram.dispatcher:226 | Failed to fetch updates - TelegramNetworkError: HTTP Client says - ServerDisconnectedError: Server disconnected
WARNING  | 2026-10-05 13:52:17,280 | aiogram.dispatcher:228 | Sleep for 1.000000 seconds and try again... (tryings = 0, bot id = 8560838161)
INFO     | 2026-10-05 13:52:17,553 | aiogram.dispatcher:414 | Polling stopped for bot @CubeClashBot id=8560838161 - 'Av-Stars Store'
INFO     | 2026-10-05 13:52:17,573 | __main__:62 | Зупинено власноруч.
INFO     | 2026-10-05 13:52:35,738 | __main__:18 | Логування завершено. Підготовка запуску...
INFO     | 2026-10-05 13:52:36,536 | __main__:21 | Старт бота завершено.
INFO     | 2026-10-05 13:52:36,556 | sqlalchemy.engine.Engine:2679 | BEGIN (implicit)
INFO     | 2026-10-05 13:52:36,558 | sqlalchemy.engine.Engine:1822 | PRAGMA main.table_info("users")
INFO     | 2026-10-05 13:52:36,558 | sqlalchemy.engine.Engine:1822 | [raw sql] ()
INFO     | 2026-10-05 13:52:36,578 | database.engine:31 | База даних успішно створена
INFO     | 2026-10-05 13:52:36,582 | sqlalchemy.engine.Engine:2685 | COMMIT
INFO     | 2026-10-05 13:52:36,612 | aiogram.dispatcher:597 | Start polling
INFO     | 2026-10-05 13:52:36,716 | aiogram.dispatcher:379 | Run polling for bot @CubeClashBot id=8560838161 - 'Av-Stars Store'
INFO     | 2026-10-05 13:52:38,169 | sqlalchemy.engine.Engine:2679 | BEGIN (implicit)
INFO     | 2026-10-05 13:52:38,176 | sqlalchemy.engine.Engine:1822 | SELECT users.tg_id, users.spent_money, users.referral_id, users.language, users.created 
FROM users 
WHERE users.tg_id = ?
INFO     | 2026-10-05 13:52:38,176 | sqlalchemy.engine.Engine:1822 | [generated in 0.00097s] (1089056378,)
INFO     | 2026-10-05 13:52:38,549 | sqlalchemy.engine.Engine:2682 | ROLLBACK
INFO     | 2026-10-05 13:52:38,550 | aiogram.event:179 | Update id=592228743 is handled. Duration 375 ms by bot id=8560838161
INFO     | 2026-10-05 13:52:42,841 | sqlalchemy.engine.Engine:2679 | BEGIN (implicit)
INFO     | 2026-10-05 13:52:42,843 | sqlalchemy.engine.Engine:1822 | SELECT users.tg_id, users.spent_money, users.referral_id, users.language, users.created 
FROM users 
WHERE users.tg_id = ?
INFO     | 2026-10-05 13:52:42,843 | sqlalchemy.engine.Engine:1822 | [cached since 4.668s ago] (1089056378,)
INFO     | 2026-10-05 13:52:42,975 | sqlalchemy.engine.Engine:2682 | ROLLBACK
INFO     | 2026-10-05 13:52:42,978 | aiogram.event:179 | Update id=592228744 is handled. Duration 125 ms by bot id=8560838161
INFO     | 2026-10-05 13:52:50,016 | sqlalchemy.engine.Engine:2679 | BEGIN (implicit)
INFO     | 2026-10-05 13:52:50,018 | sqlalchemy.engine.Engine:1822 | SELECT users.tg_id, users.spent_money, users.referral_id, users.language, users.created 
FROM users 
WHERE users.tg_id = ?
INFO     | 2026-10-05 13:52:50,019 | sqlalchemy.engine.Engine:1822 | [cached since 11.85s ago] (1089056378,)
INFO     | 2026-10-05 13:52:50,144 | sqlalchemy.engine.Engine:2682 | ROLLBACK
INFO     | 2026-10-05 13:52:50,146 | aiogram.event:179 | Update id=592228745 is handled. Duration 125 ms by bot id=8560838161
INFO     | 2026-10-05 13:52:51,378 | sqlalchemy.engine.Engine:2679 | BEGIN (implicit)
INFO     | 2026-10-05 13:52:51,380 | sqlalchemy.engine.Engine:1822 | SELECT users.tg_id, users.spent_money, users.referral_id, users.language, users.created 
FROM users 
WHERE users.tg_id = ?
INFO     | 2026-10-05 13:52:51,380 | sqlalchemy.engine.Engine:1822 | [cached since 13.21s ago] (1089056378,)
INFO     | 2026-10-05 13:52:51,540 | sqlalchemy.engine.Engine:2682 | ROLLBACK
INFO     | 2026-10-05 13:52:51,542 | aiogram.event:179 | Update id=592228746 is handled. Duration 155 ms by bot id=8560838161
INFO     | 2026-10-05 13:52:53,449 | sqlalchemy.engine.Engine:2679 | BEGIN (implicit)
INFO     | 2026-10-05 13:52:53,449 | sqlalchemy.engine.Engine:1822 | SELECT users.tg_id, users.spent_money, users.referral_id, users.language, users.created 
FROM users 
WHERE users.tg_id = ?
INFO     | 2026-10-05 13:52:53,450 | sqlalchemy.engine.Engine:1822 | [cached since 15.28s ago] (1089056378,)
INFO     | 2026-10-05 13:52:53,569 | sqlalchemy.engine.Engine:2682 | ROLLBACK
INFO     | 2026-10-05 13:52:53,569 | aiogram.event:179 | Update id=592228747 is handled. Duration 125 ms by bot id=8560838161
INFO     | 2026-10-05 13:56:32,368 | aiogram.dispatcher:625 | Polling stopped
INFO     | 2026-10-05 13:56:32,375 | __main__:25 | Бота зупинено.
ERROR    | 2026-10-05 13:56:32,410 | aiogram.dispatcher:226 | Failed to fetch updates - TelegramNetworkError: HTTP Client says - ServerDisconnectedError: Server disconnected
WARNING  | 2026-10-05 13:56:32,410 | aiogram.dispatcher:228 | Sleep for 1.000000 seconds and try again... (tryings = 0, bot id = 8560838161)
INFO     | 2026-10-05 13:56:32,672 | aiogram.dispatcher:414 | Polling stopped for bot @CubeClashBot id=8560838161 - 'Av-Stars Store'
INFO     | 2026-10-05 13:56:32,675 | __main__:62 | Зупинено власноруч.
INFO     | 2026-10-05 13:56:52,161 | __main__:18 | Логування завершено. Підготовка запуску...
INFO     | 2026-10-05 13:56:52,671 | __main__:21 | Старт бота завершено.
INFO     | 2026-10-05 13:56:52,711 | sqlalchemy.engine.Engine:2679 | BEGIN (implicit)
INFO     | 2026-10-05 13:56:52,731 | sqlalchemy.engine.Engine:1822 | PRAGMA main.table_info("users")
INFO     | 2026-10-05 13:56:52,736 | sqlalchemy.engine.Engine:1822 | [raw sql] ()
INFO     | 2026-10-05 13:56:52,757 | sqlalchemy.engine.Engine:1822 | PRAGMA temp.table_info("users")
INFO     | 2026-10-05 13:56:52,762 | sqlalchemy.engine.Engine:1822 | [raw sql] ()
INFO     | 2026-10-05 13:56:52,777 | sqlalchemy.engine.Engine:1822 | 
CREATE TABLE users (
	tg_id BIGINT NOT NULL, 
	spent_money NUMERIC(10, 2) NOT NULL, 
	referral_id BIGINT, 
	language VARCHAR NOT NULL, 
	created DATETIME NOT NULL, 
	PRIMARY KEY (tg_id), 
	FOREIGN KEY(referral_id) REFERENCES users (tg_id) ON DELETE SET NULL
)


INFO     | 2026-10-05 13:56:52,782 | sqlalchemy.engine.Engine:1822 | [no key 0.01086s] ()
INFO     | 2026-10-05 13:56:52,931 | sqlalchemy.engine.Engine:1822 | CREATE INDEX ix_users_referral_id ON users (referral_id)
INFO     | 2026-10-05 13:56:52,935 | sqlalchemy.engine.Engine:1822 | [no key 0.00974s] ()
INFO     | 2026-10-05 13:56:52,948 | database.engine:31 | База даних успішно створена
INFO     | 2026-10-05 13:56:52,953 | sqlalchemy.engine.Engine:2685 | COMMIT
INFO     | 2026-10-05 13:56:52,989 | aiogram.dispatcher:597 | Start polling
INFO     | 2026-10-05 13:56:53,075 | aiogram.dispatcher:379 | Run polling for bot @CubeClashBot id=8560838161 - 'Av-Stars Store'
INFO     | 2026-10-05 13:57:21,589 | sqlalchemy.engine.Engine:2679 | BEGIN (implicit)
INFO     | 2026-10-05 13:57:21,618 | sqlalchemy.engine.Engine:1822 | SELECT users.tg_id, users.spent_money, users.referral_id, users.language, users.created 
FROM users 
WHERE users.tg_id = ?
INFO     | 2026-10-05 13:57:21,619 | sqlalchemy.engine.Engine:1822 | [generated in 0.00711s] (1089056378,)
INFO     | 2026-10-05 13:57:21,651 | sqlalchemy.engine.Engine:1822 | INSERT INTO users (tg_id, spent_money, referral_id, language, created) VALUES (?, ?, ?, ?, CURRENT_TIMESTAMP) ON CONFLICT (tg_id) DO NOTHING
INFO     | 2026-10-05 13:57:21,652 | sqlalchemy.engine.Engine:1822 | [generated in 0.00430s] (1089056378, 0.0, None, 'uk')
INFO     | 2026-10-05 13:57:21,660 | sqlalchemy.engine.Engine:2685 | COMMIT
INFO     | 2026-10-05 13:57:21,675 | database.requests:35 | Нового користувача створено: 1089056378
INFO     | 2026-10-05 13:57:21,935 | aiogram.event:179 | Update id=592228748 is handled. Duration 358 ms by bot id=8560838161
INFO     | 2026-10-05 13:58:45,923 | aiogram.dispatcher:625 | Polling stopped
INFO     | 2026-10-05 13:58:45,923 | __main__:25 | Бота зупинено.
ERROR    | 2026-10-05 13:58:45,934 | aiogram.dispatcher:226 | Failed to fetch updates - TelegramNetworkError: HTTP Client says - ServerDisconnectedError: Server disconnected
WARNING  | 2026-10-05 13:58:45,934 | aiogram.dispatcher:228 | Sleep for 1.000000 seconds and try again... (tryings = 0, bot id = 8560838161)
INFO     | 2026-10-05 13:58:46,206 | aiogram.dispatcher:414 | Polling stopped for bot @CubeClashBot id=8560838161 - 'Av-Stars Store'
INFO     | 2026-10-05 13:58:46,207 | __main__:62 | Зупинено власноруч.
INFO     | 2026-10-05 14:00:15,055 | __main__:18 | Логування завершено. Підготовка запуску...
INFO     | 2026-10-05 14:00:15,405 | __main__:21 | Старт бота завершено.
INFO     | 2026-10-05 14:00:15,464 | sqlalchemy.engine.Engine:2679 | BEGIN (implicit)
INFO     | 2026-10-05 14:00:15,473 | sqlalchemy.engine.Engine:1822 | PRAGMA main.table_info("users")
INFO     | 2026-10-05 14:00:15,473 | sqlalchemy.engine.Engine:1822 | [raw sql] ()
INFO     | 2026-10-05 14:00:15,486 | sqlalchemy.engine.Engine:1822 | PRAGMA temp.table_info("users")
INFO     | 2026-10-05 14:00:15,488 | sqlalchemy.engine.Engine:1822 | [raw sql] ()
INFO     | 2026-10-05 14:00:15,496 | sqlalchemy.engine.Engine:1822 | 
CREATE TABLE users (
	tg_id BIGINT NOT NULL, 
	spent_money NUMERIC(10, 2) NOT NULL, 
	referral_id BIGINT, 
	language VARCHAR NOT NULL, 
	created DATETIME NOT NULL, 
	PRIMARY KEY (tg_id), 
	FOREIGN KEY(referral_id) REFERENCES users (tg_id) ON DELETE SET NULL
)


INFO     | 2026-10-05 14:00:15,497 | sqlalchemy.engine.Engine:1822 | [no key 0.00302s] ()
INFO     | 2026-10-05 14:00:15,505 | sqlalchemy.engine.Engine:1822 | CREATE INDEX ix_users_referral_id ON users (referral_id)
INFO     | 2026-10-05 14:00:15,505 | sqlalchemy.engine.Engine:1822 | [no key 0.00227s] ()
INFO     | 2026-10-05 14:00:15,529 | database.engine:31 | База даних успішно створена
INFO     | 2026-10-05 14:00:15,531 | sqlalchemy.engine.Engine:2685 | COMMIT
INFO     | 2026-10-05 14:00:15,531 | aiogram.dispatcher:597 | Start polling
INFO     | 2026-10-05 14:00:15,613 | aiogram.dispatcher:379 | Run polling for bot @CubeClashBot id=8560838161 - 'Av-Stars Store'
INFO     | 2026-10-05 14:00:21,368 | sqlalchemy.engine.Engine:2679 | BEGIN (implicit)
INFO     | 2026-10-05 14:00:21,374 | sqlalchemy.engine.Engine:1822 | SELECT users.tg_id, users.spent_money, users.referral_id, users.language, users.created 
FROM users 
WHERE users.tg_id = ?
INFO     | 2026-10-05 14:00:21,374 | sqlalchemy.engine.Engine:1822 | [generated in 0.00104s] (1089056378,)
INFO     | 2026-10-05 14:00:21,386 | sqlalchemy.engine.Engine:1822 | INSERT INTO users (tg_id, spent_money, referral_id, language, created) VALUES (?, ?, ?, ?, CURRENT_TIMESTAMP) ON CONFLICT (tg_id) DO NOTHING
INFO     | 2026-10-05 14:00:21,390 | sqlalchemy.engine.Engine:1822 | [generated in 0.00683s] (1089056378, 0.0, None, 'uk')
INFO     | 2026-10-05 14:00:21,397 | sqlalchemy.engine.Engine:2685 | COMMIT
INFO     | 2026-10-05 14:00:21,412 | database.requests:35 | Нового користувача створено: 1089056378
INFO     | 2026-10-05 14:00:21,739 | aiogram.event:179 | Update id=592228749 is handled. Duration 375 ms by bot id=8560838161
ERROR    | 2026-10-05 14:10:01,758 | aiogram.dispatcher:226 | Failed to fetch updates - TelegramNetworkError: HTTP Client says - Request timeout error
WARNING  | 2026-10-05 14:10:02,031 | aiogram.dispatcher:228 | Sleep for 1.000000 seconds and try again... (tryings = 0, bot id = 8560838161)
ERROR    | 2026-10-05 14:30:04,154 | aiogram.dispatcher:226 | Failed to fetch updates - TelegramNetworkError: HTTP Client says - Request timeout error
WARNING  | 2026-10-05 14:30:04,530 | aiogram.dispatcher:228 | Sleep for 1.253952 seconds and try again... (tryings = 1, bot id = 8560838161)
ERROR    | 2026-10-05 14:30:06,073 | aiogram.dispatcher:226 | Failed to fetch updates - TelegramNetworkError: HTTP Client says - ClientConnectorError: Cannot connect to host api.telegram.org:443 ssl:default [The network location cannot be reached. For information about network troubleshooting, see Windows Help]
WARNING  | 2026-10-05 14:30:06,079 | aiogram.dispatcher:228 | Sleep for 1.638723 seconds and try again... (tryings = 2, bot id = 8560838161)
ERROR    | 2026-10-05 14:30:07,770 | aiogram.dispatcher:226 | Failed to fetch updates - TelegramNetworkError: HTTP Client says - ClientConnectorError: Cannot connect to host api.telegram.org:443 ssl:default [The network location cannot be reached. For information about network troubleshooting, see Windows Help]
WARNING  | 2026-10-05 14:30:07,805 | aiogram.dispatcher:228 | Sleep for 2.131239 seconds and try again... (tryings = 3, bot id = 8560838161)
ERROR    | 2026-10-05 17:56:46,613 | aiogram.dispatcher:226 | Failed to fetch updates - TelegramNetworkError: HTTP Client says - ClientConnectorDNSError: Cannot connect to host api.telegram.org:443 ssl:default [getaddrinfo failed]
WARNING  | 2026-10-05 17:56:46,718 | aiogram.dispatcher:228 | Sleep for 2.617145 seconds and try again... (tryings = 4, bot id = 8560838161)
ERROR    | 2026-10-05 17:56:49,479 | aiogram.dispatcher:226 | Failed to fetch updates - TelegramNetworkError: HTTP Client says - ClientConnectorDNSError: Cannot connect to host api.telegram.org:443 ssl:default [getaddrinfo failed]
WARNING  | 2026-10-05 17:56:49,479 | aiogram.dispatcher:228 | Sleep for 3.339999 seconds and try again... (tryings = 5, bot id = 8560838161)
ERROR    | 2026-10-05 18:10:34,462 | aiogram.dispatcher:226 | Failed to fetch updates - TelegramNetworkError: HTTP Client says - ClientConnectorDNSError: Cannot connect to host api.telegram.org:443 ssl:default [getaddrinfo failed]
WARNING  | 2026-10-05 18:10:34,896 | aiogram.dispatcher:228 | Sleep for 4.416591 seconds and try again... (tryings = 6, bot id = 8560838161)
ERROR    | 2026-10-05 18:11:01,920 | aiogram.dispatcher:226 | Failed to fetch updates - TelegramNetworkError: HTTP Client says - ClientConnectorError: Cannot connect to host api.telegram.org:443 ssl:default [The semaphore timeout period has expired]
WARNING  | 2026-10-05 18:11:01,922 | aiogram.dispatcher:228 | Sleep for 4.995108 seconds and try again... (tryings = 7, bot id = 8560838161)
ERROR    | 2026-10-05 18:11:11,580 | aiogram.dispatcher:226 | Failed to fetch updates - TelegramNetworkError: HTTP Client says - ClientConnectorError: Cannot connect to host api.telegram.org:443 ssl:default [The network connection was aborted by the local system]
WARNING  | 2026-10-05 18:11:11,798 | aiogram.dispatcher:228 | Sleep for 4.974568 seconds and try again... (tryings = 8, bot id = 8560838161)
ERROR    | 2026-10-05 18:11:16,815 | aiogram.dispatcher:226 | Failed to fetch updates - TelegramNetworkError: HTTP Client says - ClientConnectorError: Cannot connect to host api.telegram.org:443 ssl:default [The network location cannot be reached. For information about network troubleshooting, see Windows Help]
WARNING  | 2026-10-05 18:11:16,817 | aiogram.dispatcher:228 | Sleep for 5.082597 seconds and try again... (tryings = 9, bot id = 8560838161)
ERROR    | 2026-10-05 18:11:42,965 | aiogram.dispatcher:226 | Failed to fetch updates - TelegramNetworkError: HTTP Client says - ClientConnectorError: Cannot connect to host api.telegram.org:443 ssl:default [The semaphore timeout period has expired]
WARNING  | 2026-10-05 18:11:42,983 | aiogram.dispatcher:228 | Sleep for 4.964566 seconds and try again... (tryings = 10, bot id = 8560838161)
ERROR    | 2026-10-05 18:12:09,018 | aiogram.dispatcher:226 | Failed to fetch updates - TelegramNetworkError: HTTP Client says - ClientConnectorError: Cannot connect to host api.telegram.org:443 ssl:default [The semaphore timeout period has expired]
WARNING  | 2026-10-05 18:12:09,035 | aiogram.dispatcher:228 | Sleep for 5.146218 seconds and try again... (tryings = 11, bot id = 8560838161)
ERROR    | 2026-10-05 18:12:27,310 | aiogram.dispatcher:226 | Failed to fetch updates - TelegramNetworkError: HTTP Client says - ClientConnectorError: Cannot connect to host api.telegram.org:443 ssl:default [The network connection was aborted by the local system]
WARNING  | 2026-10-05 18:12:27,399 | aiogram.dispatcher:228 | Sleep for 4.820931 seconds and try again... (tryings = 12, bot id = 8560838161)
ERROR    | 2026-10-05 18:13:42,517 | aiogram.dispatcher:226 | Failed to fetch updates - TelegramNetworkError: HTTP Client says - Request timeout error
WARNING  | 2026-10-05 18:13:42,517 | aiogram.dispatcher:228 | Sleep for 5.077184 seconds and try again... (tryings = 13, bot id = 8560838161)
ERROR    | 2026-10-05 18:13:47,603 | aiogram.dispatcher:226 | Failed to fetch updates - TelegramNetworkError: HTTP Client says - ClientConnectorError: Cannot connect to host api.telegram.org:443 ssl:default [The network location cannot be reached. For information about network troubleshooting, see Windows Help]
WARNING  | 2026-10-05 18:13:47,603 | aiogram.dispatcher:228 | Sleep for 4.927980 seconds and try again... (tryings = 14, bot id = 8560838161)
ERROR    | 2026-10-05 18:14:13,558 | aiogram.dispatcher:226 | Failed to fetch updates - TelegramNetworkError: HTTP Client says - ClientConnectorError: Cannot connect to host api.telegram.org:443 ssl:default [The semaphore timeout period has expired]
WARNING  | 2026-10-05 18:14:13,558 | aiogram.dispatcher:228 | Sleep for 5.034771 seconds and try again... (tryings = 15, bot id = 8560838161)
ERROR    | 2026-10-05 18:14:39,641 | aiogram.dispatcher:226 | Failed to fetch updates - TelegramNetworkError: HTTP Client says - ClientConnectorError: Cannot connect to host api.telegram.org:443 ssl:default [The semaphore timeout period has expired]
WARNING  | 2026-10-05 18:14:39,641 | aiogram.dispatcher:228 | Sleep for 4.983294 seconds and try again... (tryings = 16, bot id = 8560838161)
ERROR    | 2026-10-05 18:15:05,657 | aiogram.dispatcher:226 | Failed to fetch updates - TelegramNetworkError: HTTP Client says - ClientConnectorError: Cannot connect to host api.telegram.org:443 ssl:default [The semaphore timeout period has expired]
WARNING  | 2026-10-05 18:15:05,657 | aiogram.dispatcher:228 | Sleep for 4.998860 seconds and try again... (tryings = 17, bot id = 8560838161)
ERROR    | 2026-10-05 18:15:31,675 | aiogram.dispatcher:226 | Failed to fetch updates - TelegramNetworkError: HTTP Client says - ClientConnectorError: Cannot connect to host api.telegram.org:443 ssl:default [The semaphore timeout period has expired]
WARNING  | 2026-10-05 18:15:31,675 | aiogram.dispatcher:228 | Sleep for 5.086795 seconds and try again... (tryings = 18, bot id = 8560838161)
ERROR    | 2026-10-05 18:15:57,782 | aiogram.dispatcher:226 | Failed to fetch updates - TelegramNetworkError: HTTP Client says - ClientConnectorError: Cannot connect to host api.telegram.org:443 ssl:default [The semaphore timeout period has expired]
WARNING  | 2026-10-05 18:15:57,782 | aiogram.dispatcher:228 | Sleep for 5.013268 seconds and try again... (tryings = 19, bot id = 8560838161)
ERROR    | 2026-10-05 18:16:23,840 | aiogram.dispatcher:226 | Failed to fetch updates - TelegramNetworkError: HTTP Client says - ClientConnectorError: Cannot connect to host api.telegram.org:443 ssl:default [The semaphore timeout period has expired]
WARNING  | 2026-10-05 18:16:23,840 | aiogram.dispatcher:228 | Sleep for 4.894023 seconds and try again... (tryings = 20, bot id = 8560838161)
ERROR    | 2026-10-05 18:16:49,764 | aiogram.dispatcher:226 | Failed to fetch updates - TelegramNetworkError: HTTP Client says - ClientConnectorError: Cannot connect to host api.telegram.org:443 ssl:default [The semaphore timeout period has expired]
WARNING  | 2026-10-05 18:16:49,764 | aiogram.dispatcher:228 | Sleep for 5.102245 seconds and try again... (tryings = 21, bot id = 8560838161)
ERROR    | 2026-10-05 18:17:15,913 | aiogram.dispatcher:226 | Failed to fetch updates - TelegramNetworkError: HTTP Client says - ClientConnectorError: Cannot connect to host api.telegram.org:443 ssl:default [The semaphore timeout period has expired]
WARNING  | 2026-10-05 18:17:15,913 | aiogram.dispatcher:228 | Sleep for 4.927093 seconds and try again... (tryings = 22, bot id = 8560838161)
ERROR    | 2026-10-05 18:17:41,871 | aiogram.dispatcher:226 | Failed to fetch updates - TelegramNetworkError: HTTP Client says - ClientConnectorError: Cannot connect to host api.telegram.org:443 ssl:default [The semaphore timeout period has expired]
WARNING  | 2026-10-05 18:17:41,872 | aiogram.dispatcher:228 | Sleep for 5.031652 seconds and try again... (tryings = 23, bot id = 8560838161)
ERROR    | 2026-10-05 18:18:07,929 | aiogram.dispatcher:226 | Failed to fetch updates - TelegramNetworkError: HTTP Client says - ClientConnectorError: Cannot connect to host api.telegram.org:443 ssl:default [The semaphore timeout period has expired]
WARNING  | 2026-10-05 18:18:07,929 | aiogram.dispatcher:228 | Sleep for 4.887432 seconds and try again... (tryings = 24, bot id = 8560838161)
ERROR    | 2026-10-05 18:18:25,814 | aiogram.dispatcher:226 | Failed to fetch updates - TelegramNetworkError: HTTP Client says - ClientConnectorError: Cannot connect to host api.telegram.org:443 ssl:default [The network connection was aborted by the local system]
WARNING  | 2026-10-05 18:18:25,863 | aiogram.dispatcher:228 | Sleep for 4.805041 seconds and try again... (tryings = 25, bot id = 8560838161)
ERROR    | 2026-10-05 18:18:30,720 | aiogram.dispatcher:226 | Failed to fetch updates - TelegramNetworkError: HTTP Client says - ClientConnectorError: Cannot connect to host api.telegram.org:443 ssl:default [The network location cannot be reached. For information about network troubleshooting, see Windows Help]
WARNING  | 2026-10-05 18:18:30,720 | aiogram.dispatcher:228 | Sleep for 4.960270 seconds and try again... (tryings = 26, bot id = 8560838161)
ERROR    | 2026-10-05 18:18:56,720 | aiogram.dispatcher:226 | Failed to fetch updates - TelegramNetworkError: HTTP Client says - ClientConnectorError: Cannot connect to host api.telegram.org:443 ssl:default [The semaphore timeout period has expired]
WARNING  | 2026-10-05 18:18:56,722 | aiogram.dispatcher:228 | Sleep for 4.892373 seconds and try again... (tryings = 27, bot id = 8560838161)
ERROR    | 2026-10-05 18:19:22,645 | aiogram.dispatcher:226 | Failed to fetch updates - TelegramNetworkError: HTTP Client says - ClientConnectorError: Cannot connect to host api.telegram.org:443 ssl:default [The semaphore timeout period has expired]
WARNING  | 2026-10-05 18:19:22,645 | aiogram.dispatcher:228 | Sleep for 4.921749 seconds and try again... (tryings = 28, bot id = 8560838161)
ERROR    | 2026-10-05 18:19:48,595 | aiogram.dispatcher:226 | Failed to fetch updates - TelegramNetworkError: HTTP Client says - ClientConnectorError: Cannot connect to host api.telegram.org:443 ssl:default [The semaphore timeout period has expired]
WARNING  | 2026-10-05 18:19:48,596 | aiogram.dispatcher:228 | Sleep for 4.984571 seconds and try again... (tryings = 29, bot id = 8560838161)
ERROR    | 2026-10-05 18:20:14,605 | aiogram.dispatcher:226 | Failed to fetch updates - TelegramNetworkError: HTTP Client says - ClientConnectorError: Cannot connect to host api.telegram.org:443 ssl:default [The semaphore timeout period has expired]
WARNING  | 2026-10-05 18:20:14,608 | aiogram.dispatcher:228 | Sleep for 4.883786 seconds and try again... (tryings = 30, bot id = 8560838161)
ERROR    | 2026-10-05 18:20:40,547 | aiogram.dispatcher:226 | Failed to fetch updates - TelegramNetworkError: HTTP Client says - ClientConnectorError: Cannot connect to host api.telegram.org:443 ssl:default [The semaphore timeout period has expired]
WARNING  | 2026-10-05 18:20:40,566 | aiogram.dispatcher:228 | Sleep for 4.967817 seconds and try again... (tryings = 31, bot id = 8560838161)
ERROR    | 2026-10-05 18:21:06,585 | aiogram.dispatcher:226 | Failed to fetch updates - TelegramNetworkError: HTTP Client says - ClientConnectorError: Cannot connect to host api.telegram.org:443 ssl:default [The semaphore timeout period has expired]
WARNING  | 2026-10-05 18:21:06,585 | aiogram.dispatcher:228 | Sleep for 5.036057 seconds and try again... (tryings = 32, bot id = 8560838161)
ERROR    | 2026-10-05 18:21:32,649 | aiogram.dispatcher:226 | Failed to fetch updates - TelegramNetworkError: HTTP Client says - ClientConnectorError: Cannot connect to host api.telegram.org:443 ssl:default [The semaphore timeout period has expired]
WARNING  | 2026-10-05 18:21:32,650 | aiogram.dispatcher:228 | Sleep for 4.923994 seconds and try again... (tryings = 33, bot id = 8560838161)
ERROR    | 2026-10-05 18:21:58,626 | aiogram.dispatcher:226 | Failed to fetch updates - TelegramNetworkError: HTTP Client says - ClientConnectorError: Cannot connect to host api.telegram.org:443 ssl:default [The semaphore timeout period has expired]
WARNING  | 2026-10-05 18:21:58,626 | aiogram.dispatcher:228 | Sleep for 4.969574 seconds and try again... (tryings = 34, bot id = 8560838161)
ERROR    | 2026-10-05 18:22:24,626 | aiogram.dispatcher:226 | Failed to fetch updates - TelegramNetworkError: HTTP Client says - ClientConnectorError: Cannot connect to host api.telegram.org:443 ssl:default [The semaphore timeout period has expired]
WARNING  | 2026-10-05 18:22:24,628 | aiogram.dispatcher:228 | Sleep for 4.972818 seconds and try again... (tryings = 35, bot id = 8560838161)
ERROR    | 2026-10-05 18:22:50,630 | aiogram.dispatcher:226 | Failed to fetch updates - TelegramNetworkError: HTTP Client says - ClientConnectorError: Cannot connect to host api.telegram.org:443 ssl:default [The semaphore timeout period has expired]
WARNING  | 2026-10-05 18:22:50,645 | aiogram.dispatcher:228 | Sleep for 5.068929 seconds and try again... (tryings = 36, bot id = 8560838161)
ERROR    | 2026-10-05 18:23:16,781 | aiogram.dispatcher:226 | Failed to fetch updates - TelegramNetworkError: HTTP Client says - ClientConnectorError: Cannot connect to host api.telegram.org:443 ssl:default [The semaphore timeout period has expired]
WARNING  | 2026-10-05 18:23:16,811 | aiogram.dispatcher:228 | Sleep for 5.013762 seconds and try again... (tryings = 37, bot id = 8560838161)
ERROR    | 2026-10-05 18:23:42,867 | aiogram.dispatcher:226 | Failed to fetch updates - TelegramNetworkError: HTTP Client says - ClientConnectorError: Cannot connect to host api.telegram.org:443 ssl:default [The semaphore timeout period has expired]
WARNING  | 2026-10-05 18:23:42,878 | aiogram.dispatcher:228 | Sleep for 5.099260 seconds and try again... (tryings = 38, bot id = 8560838161)
ERROR    | 2026-10-05 18:24:09,056 | aiogram.dispatcher:226 | Failed to fetch updates - TelegramNetworkError: HTTP Client says - ClientConnectorError: Cannot connect to host api.telegram.org:443 ssl:default [The semaphore timeout period has expired]
WARNING  | 2026-10-05 18:24:09,056 | aiogram.dispatcher:228 | Sleep for 5.062431 seconds and try again... (tryings = 39, bot id = 8560838161)
ERROR    | 2026-10-05 18:24:35,165 | aiogram.dispatcher:226 | Failed to fetch updates - TelegramNetworkError: HTTP Client says - ClientConnectorError: Cannot connect to host api.telegram.org:443 ssl:default [The semaphore timeout period has expired]
WARNING  | 2026-10-05 18:24:35,165 | aiogram.dispatcher:228 | Sleep for 4.986928 seconds and try again... (tryings = 40, bot id = 8560838161)
INFO     | 2026-10-05 18:24:53,856 | aiogram.dispatcher:625 | Polling stopped
INFO     | 2026-10-05 18:24:53,857 | __main__:25 | Бота зупинено.
INFO     | 2026-10-05 18:24:54,137 | aiogram.dispatcher:414 | Polling stopped for bot @CubeClashBot id=8560838161 - 'Av-Stars Store'
INFO     | 2026-10-05 18:24:54,152 | __main__:62 | Зупинено власноруч.
INFO     | 2026-10-05 18:27:42,594 | __main__:18 | Логування завершено. Підготовка запуску...
INFO     | 2026-10-05 18:27:43,002 | __main__:21 | Старт бота завершено.
INFO     | 2026-10-05 18:27:43,031 | sqlalchemy.engine.Engine:2679 | BEGIN (implicit)
INFO     | 2026-10-05 18:27:43,031 | sqlalchemy.engine.Engine:1822 | PRAGMA main.table_info("users")
INFO     | 2026-10-05 18:27:43,036 | sqlalchemy.engine.Engine:1822 | [raw sql] ()
INFO     | 2026-10-05 18:27:43,053 | sqlalchemy.engine.Engine:1822 | PRAGMA temp.table_info("users")
INFO     | 2026-10-05 18:27:43,053 | sqlalchemy.engine.Engine:1822 | [raw sql] ()
INFO     | 2026-10-05 18:27:43,062 | sqlalchemy.engine.Engine:1822 | 
CREATE TABLE users (
	tg_id BIGINT NOT NULL, 
	spent_money NUMERIC(10, 2) NOT NULL, 
	referral_id BIGINT, 
	language VARCHAR NOT NULL, 
	created DATETIME NOT NULL, 
	PRIMARY KEY (tg_id), 
	FOREIGN KEY(referral_id) REFERENCES users (tg_id) ON DELETE SET NULL
)


INFO     | 2026-10-05 18:27:43,062 | sqlalchemy.engine.Engine:1822 | [no key 0.00293s] ()
INFO     | 2026-10-05 18:27:43,072 | sqlalchemy.engine.Engine:1822 | CREATE INDEX ix_users_referral_id ON users (referral_id)
INFO     | 2026-10-05 18:27:43,072 | sqlalchemy.engine.Engine:1822 | [no key 0.00192s] ()
INFO     | 2026-10-05 18:27:43,081 | database.engine:31 | База даних успішно створена
INFO     | 2026-10-05 18:27:43,082 | sqlalchemy.engine.Engine:2685 | COMMIT
INFO     | 2026-10-05 18:27:43,086 | aiogram.dispatcher:597 | Start polling
INFO     | 2026-10-05 18:27:43,159 | aiogram.dispatcher:379 | Run polling for bot @CubeClashBot id=8560838161 - 'Av-Stars Store'
INFO     | 2026-10-05 18:27:50,682 | sqlalchemy.engine.Engine:2679 | BEGIN (implicit)
INFO     | 2026-10-05 18:27:50,776 | sqlalchemy.engine.Engine:1822 | SELECT users.tg_id, users.spent_money, users.referral_id, users.language, users.created 
FROM users 
WHERE users.tg_id = ?
INFO     | 2026-10-05 18:27:50,796 | sqlalchemy.engine.Engine:1822 | [generated in 0.04741s] (1089056378,)
INFO     | 2026-10-05 18:27:50,998 | sqlalchemy.engine.Engine:1822 | INSERT INTO users (tg_id, spent_money, referral_id, language, created) VALUES (?, ?, ?, ?, CURRENT_TIMESTAMP) ON CONFLICT (tg_id) DO NOTHING
INFO     | 2026-10-05 18:27:51,013 | sqlalchemy.engine.Engine:1822 | [generated in 0.04772s] (1089056378, 0.0, None, 'uk')
INFO     | 2026-10-05 18:27:51,071 | sqlalchemy.engine.Engine:2685 | COMMIT
INFO     | 2026-10-05 18:27:51,109 | database.requests:35 | Нового користувача створено: 1089056378
INFO     | 2026-10-05 18:27:51,735 | aiogram.event:179 | Update id=592228750 is handled. Duration 1062 ms by bot id=8560838161
INFO     | 2026-10-05 18:28:29,605 | aiogram.dispatcher:625 | Polling stopped
INFO     | 2026-10-05 18:28:29,606 | __main__:25 | Бота зупинено.
ERROR    | 2026-10-05 18:28:29,613 | aiogram.dispatcher:226 | Failed to fetch updates - TelegramNetworkError: HTTP Client says - ServerDisconnectedError: Server disconnected
WARNING  | 2026-10-05 18:28:29,613 | aiogram.dispatcher:228 | Sleep for 1.000000 seconds and try again... (tryings = 0, bot id = 8560838161)
INFO     | 2026-10-05 18:28:29,877 | aiogram.dispatcher:414 | Polling stopped for bot @CubeClashBot id=8560838161 - 'Av-Stars Store'
INFO     | 2026-10-05 18:28:29,881 | __main__:62 | Зупинено власноруч.
INFO     | 2026-10-05 18:28:44,047 | __main__:18 | Логування завершено. Підготовка запуску...
INFO     | 2026-10-05 18:28:44,390 | __main__:21 | Старт бота завершено.
INFO     | 2026-10-05 18:28:44,403 | sqlalchemy.engine.Engine:2679 | BEGIN (implicit)
INFO     | 2026-10-05 18:28:44,404 | sqlalchemy.engine.Engine:1822 | PRAGMA main.table_info("users")
INFO     | 2026-10-05 18:28:44,404 | sqlalchemy.engine.Engine:1822 | [raw sql] ()
INFO     | 2026-10-05 18:28:44,413 | database.engine:31 | База даних успішно створена
INFO     | 2026-10-05 18:28:44,413 | sqlalchemy.engine.Engine:2685 | COMMIT
INFO     | 2026-10-05 18:28:44,416 | aiogram.dispatcher:597 | Start polling
INFO     | 2026-10-05 18:28:44,470 | aiogram.dispatcher:379 | Run polling for bot @CubeClashBot id=8560838161 - 'Av-Stars Store'
INFO     | 2026-10-05 18:29:00,950 | aiogram.dispatcher:625 | Polling stopped
INFO     | 2026-10-05 18:29:00,952 | __main__:25 | Бота зупинено.
ERROR    | 2026-10-05 18:29:00,952 | aiogram.dispatcher:226 | Failed to fetch updates - TelegramNetworkError: HTTP Client says - ServerDisconnectedError: Server disconnected
WARNING  | 2026-10-05 18:29:00,952 | aiogram.dispatcher:228 | Sleep for 1.000000 seconds and try again... (tryings = 0, bot id = 8560838161)
INFO     | 2026-10-05 18:29:01,208 | aiogram.dispatcher:414 | Polling stopped for bot @CubeClashBot id=8560838161 - 'Av-Stars Store'
INFO     | 2026-10-05 18:29:01,209 | __main__:62 | Зупинено власноруч.
INFO     | 2026-10-05 18:29:16,724 | __main__:18 | Логування завершено. Підготовка запуску...
INFO     | 2026-10-05 18:29:17,449 | __main__:21 | Старт бота завершено.
INFO     | 2026-10-05 18:29:17,499 | sqlalchemy.engine.Engine:2679 | BEGIN (implicit)
INFO     | 2026-10-05 18:29:17,500 | sqlalchemy.engine.Engine:1822 | PRAGMA main.table_info("users")
INFO     | 2026-10-05 18:29:17,503 | sqlalchemy.engine.Engine:1822 | [raw sql] ()
INFO     | 2026-10-05 18:29:17,574 | sqlalchemy.engine.Engine:1822 | PRAGMA temp.table_info("users")
INFO     | 2026-10-05 18:29:17,585 | sqlalchemy.engine.Engine:1822 | [raw sql] ()
INFO     | 2026-10-05 18:29:17,611 | sqlalchemy.engine.Engine:1822 | 
CREATE TABLE users (
	tg_id BIGINT NOT NULL, 
	spent_money NUMERIC(10, 2) NOT NULL, 
	referral_id BIGINT, 
	language VARCHAR NOT NULL, 
	created DATETIME NOT NULL, 
	PRIMARY KEY (tg_id), 
	FOREIGN KEY(referral_id) REFERENCES users (tg_id) ON DELETE SET NULL
)


INFO     | 2026-10-05 18:29:17,612 | sqlalchemy.engine.Engine:1822 | [no key 0.00556s] ()
INFO     | 2026-10-05 18:29:17,641 | sqlalchemy.engine.Engine:1822 | CREATE INDEX ix_users_referral_id ON users (referral_id)
INFO     | 2026-10-05 18:29:17,657 | sqlalchemy.engine.Engine:1822 | [no key 0.02253s] ()
INFO     | 2026-10-05 18:29:17,704 | database.engine:31 | База даних успішно створена
INFO     | 2026-10-05 18:29:17,710 | sqlalchemy.engine.Engine:2685 | COMMIT
INFO     | 2026-10-05 18:29:17,723 | aiogram.dispatcher:597 | Start polling
INFO     | 2026-10-05 18:29:17,819 | aiogram.dispatcher:379 | Run polling for bot @CubeClashBot id=8560838161 - 'Av-Stars Store'
INFO     | 2026-10-05 18:29:23,707 | sqlalchemy.engine.Engine:2679 | BEGIN (implicit)
INFO     | 2026-10-05 18:29:23,788 | sqlalchemy.engine.Engine:1822 | SELECT users.tg_id, users.spent_money, users.referral_id, users.language, users.created 
FROM users 
WHERE users.tg_id = ?
INFO     | 2026-10-05 18:29:23,859 | sqlalchemy.engine.Engine:1822 | [generated in 0.09950s] (1089056378,)
INFO     | 2026-10-05 18:29:23,977 | sqlalchemy.engine.Engine:1822 | INSERT INTO users (tg_id, spent_money, referral_id, language, created) VALUES (?, ?, ?, ?, CURRENT_TIMESTAMP) ON CONFLICT (tg_id) DO NOTHING
INFO     | 2026-10-05 18:29:23,978 | sqlalchemy.engine.Engine:1822 | [generated in 0.01350s] (1089056378, 0.0, None, 'uk')
INFO     | 2026-10-05 18:29:23,996 | sqlalchemy.engine.Engine:2685 | COMMIT
INFO     | 2026-10-05 18:29:24,138 | database.requests:35 | Нового користувача створено: 1089056378
INFO     | 2026-10-05 18:29:25,934 | aiogram.event:179 | Update id=592228751 is handled. Duration 2233 ms by bot id=8560838161
INFO     | 2026-10-05 18:29:38,728 | sqlalchemy.engine.Engine:2679 | BEGIN (implicit)
INFO     | 2026-10-05 18:29:38,829 | sqlalchemy.engine.Engine:1822 | SELECT users.tg_id, users.spent_money, users.referral_id, users.language, users.created 
FROM users 
WHERE users.tg_id = ?
INFO     | 2026-10-05 18:29:38,830 | sqlalchemy.engine.Engine:1822 | [cached since 15.07s ago] (1089056378,)
INFO     | 2026-10-05 18:29:39,013 | sqlalchemy.engine.Engine:2682 | ROLLBACK
INFO     | 2026-10-05 18:29:39,220 | aiogram.event:179 | Update id=592228752 is handled. Duration 514 ms by bot id=8560838161
INFO     | 2026-10-05 18:29:40,471 | sqlalchemy.engine.Engine:2679 | BEGIN (implicit)
INFO     | 2026-10-05 18:29:40,519 | sqlalchemy.engine.Engine:1822 | SELECT users.tg_id, users.spent_money, users.referral_id, users.language, users.created 
FROM users 
WHERE users.tg_id = ?
INFO     | 2026-10-05 18:29:40,538 | sqlalchemy.engine.Engine:1822 | [cached since 16.78s ago] (1089056378,)
INFO     | 2026-10-05 18:29:40,803 | sqlalchemy.engine.Engine:2682 | ROLLBACK
INFO     | 2026-10-05 18:29:40,805 | aiogram.event:179 | Update id=592228753 is handled. Duration 328 ms by bot id=8560838161
ERROR    | 2026-10-05 18:32:50,033 | aiogram.dispatcher:226 | Failed to fetch updates - TelegramNetworkError: HTTP Client says - ClientOSError: [WinError 1236] The network connection was aborted by the local system
WARNING  | 2026-10-05 18:32:50,168 | aiogram.dispatcher:228 | Sleep for 1.000000 seconds and try again... (tryings = 0, bot id = 8560838161)
ERROR    | 2026-10-05 18:33:12,236 | aiogram.dispatcher:226 | Failed to fetch updates - TelegramNetworkError: HTTP Client says - ClientConnectorError: Cannot connect to host api.telegram.org:443 ssl:default [The semaphore timeout period has expired]
WARNING  | 2026-10-05 18:33:12,237 | aiogram.dispatcher:228 | Sleep for 1.503297 seconds and try again... (tryings = 1, bot id = 8560838161)
ERROR    | 2026-10-05 18:33:34,770 | aiogram.dispatcher:226 | Failed to fetch updates - TelegramNetworkError: HTTP Client says - ClientConnectorError: Cannot connect to host api.telegram.org:443 ssl:default [The semaphore timeout period has expired]
WARNING  | 2026-10-05 18:33:34,770 | aiogram.dispatcher:228 | Sleep for 1.855414 seconds and try again... (tryings = 2, bot id = 8560838161)
ERROR    | 2026-10-05 18:33:57,670 | aiogram.dispatcher:226 | Failed to fetch updates - TelegramNetworkError: HTTP Client says - ClientConnectorError: Cannot connect to host api.telegram.org:443 ssl:default [The semaphore timeout period has expired]
WARNING  | 2026-10-05 18:33:57,670 | aiogram.dispatcher:228 | Sleep for 2.354875 seconds and try again... (tryings = 3, bot id = 8560838161)
ERROR    | 2026-10-05 18:34:21,052 | aiogram.dispatcher:226 | Failed to fetch updates - TelegramNetworkError: HTTP Client says - ClientConnectorError: Cannot connect to host api.telegram.org:443 ssl:default [The semaphore timeout period has expired]
WARNING  | 2026-10-05 18:34:21,052 | aiogram.dispatcher:228 | Sleep for 3.126680 seconds and try again... (tryings = 4, bot id = 8560838161)
ERROR    | 2026-10-05 18:34:45,227 | aiogram.dispatcher:226 | Failed to fetch updates - TelegramNetworkError: HTTP Client says - ClientConnectorError: Cannot connect to host api.telegram.org:443 ssl:default [The semaphore timeout period has expired]
WARNING  | 2026-10-05 18:34:45,227 | aiogram.dispatcher:228 | Sleep for 3.887147 seconds and try again... (tryings = 5, bot id = 8560838161)
ERROR    | 2026-10-05 18:35:10,148 | aiogram.dispatcher:226 | Failed to fetch updates - TelegramNetworkError: HTTP Client says - ClientConnectorError: Cannot connect to host api.telegram.org:443 ssl:default [The semaphore timeout period has expired]
WARNING  | 2026-10-05 18:35:10,148 | aiogram.dispatcher:228 | Sleep for 5.046677 seconds and try again... (tryings = 6, bot id = 8560838161)
ERROR    | 2026-10-05 18:35:36,233 | aiogram.dispatcher:226 | Failed to fetch updates - TelegramNetworkError: HTTP Client says - ClientConnectorError: Cannot connect to host api.telegram.org:443 ssl:default [The semaphore timeout period has expired]
WARNING  | 2026-10-05 18:35:36,233 | aiogram.dispatcher:228 | Sleep for 5.074504 seconds and try again... (tryings = 7, bot id = 8560838161)
ERROR    | 2026-10-05 18:36:02,359 | aiogram.dispatcher:226 | Failed to fetch updates - TelegramNetworkError: HTTP Client says - ClientConnectorError: Cannot connect to host api.telegram.org:443 ssl:default [The semaphore timeout period has expired]
WARNING  | 2026-10-05 18:36:02,360 | aiogram.dispatcher:228 | Sleep for 5.021991 seconds and try again... (tryings = 8, bot id = 8560838161)
ERROR    | 2026-10-05 18:36:28,416 | aiogram.dispatcher:226 | Failed to fetch updates - TelegramNetworkError: HTTP Client says - ClientConnectorError: Cannot connect to host api.telegram.org:443 ssl:default [The semaphore timeout period has expired]
WARNING  | 2026-10-05 18:36:28,416 | aiogram.dispatcher:228 | Sleep for 4.837215 seconds and try again... (tryings = 9, bot id = 8560838161)
ERROR    | 2026-10-05 18:36:54,274 | aiogram.dispatcher:226 | Failed to fetch updates - TelegramNetworkError: HTTP Client says - ClientConnectorError: Cannot connect to host api.telegram.org:443 ssl:default [The semaphore timeout period has expired]
WARNING  | 2026-10-05 18:36:54,274 | aiogram.dispatcher:228 | Sleep for 4.964689 seconds and try again... (tryings = 10, bot id = 8560838161)
ERROR    | 2026-10-05 18:37:20,282 | aiogram.dispatcher:226 | Failed to fetch updates - TelegramNetworkError: HTTP Client says - ClientConnectorError: Cannot connect to host api.telegram.org:443 ssl:default [The semaphore timeout period has expired]
WARNING  | 2026-10-05 18:37:20,282 | aiogram.dispatcher:228 | Sleep for 4.966017 seconds and try again... (tryings = 11, bot id = 8560838161)
ERROR    | 2026-10-05 18:37:46,281 | aiogram.dispatcher:226 | Failed to fetch updates - TelegramNetworkError: HTTP Client says - ClientConnectorError: Cannot connect to host api.telegram.org:443 ssl:default [The semaphore timeout period has expired]
WARNING  | 2026-10-05 18:37:46,281 | aiogram.dispatcher:228 | Sleep for 4.961463 seconds and try again... (tryings = 12, bot id = 8560838161)
ERROR    | 2026-10-05 18:38:12,272 | aiogram.dispatcher:226 | Failed to fetch updates - TelegramNetworkError: HTTP Client says - ClientConnectorError: Cannot connect to host api.telegram.org:443 ssl:default [The semaphore timeout period has expired]
WARNING  | 2026-10-05 18:38:12,272 | aiogram.dispatcher:228 | Sleep for 4.810025 seconds and try again... (tryings = 13, bot id = 8560838161)
ERROR    | 2026-10-05 18:38:38,105 | aiogram.dispatcher:226 | Failed to fetch updates - TelegramNetworkError: HTTP Client says - ClientConnectorError: Cannot connect to host api.telegram.org:443 ssl:default [The semaphore timeout period has expired]
WARNING  | 2026-10-05 18:38:38,105 | aiogram.dispatcher:228 | Sleep for 4.821426 seconds and try again... (tryings = 14, bot id = 8560838161)
ERROR    | 2026-10-05 18:39:03,986 | aiogram.dispatcher:226 | Failed to fetch updates - TelegramNetworkError: HTTP Client says - ClientConnectorError: Cannot connect to host api.telegram.org:443 ssl:default [The semaphore timeout period has expired]
WARNING  | 2026-10-05 18:39:03,986 | aiogram.dispatcher:228 | Sleep for 4.892337 seconds and try again... (tryings = 15, bot id = 8560838161)
ERROR    | 2026-10-05 18:39:29,940 | aiogram.dispatcher:226 | Failed to fetch updates - TelegramNetworkError: HTTP Client says - ClientConnectorError: Cannot connect to host api.telegram.org:443 ssl:default [The semaphore timeout period has expired]
WARNING  | 2026-10-05 18:39:29,940 | aiogram.dispatcher:228 | Sleep for 5.015420 seconds and try again... (tryings = 16, bot id = 8560838161)
ERROR    | 2026-10-05 18:39:56,009 | aiogram.dispatcher:226 | Failed to fetch updates - TelegramNetworkError: HTTP Client says - ClientConnectorError: Cannot connect to host api.telegram.org:443 ssl:default [The semaphore timeout period has expired]
WARNING  | 2026-10-05 18:39:56,009 | aiogram.dispatcher:228 | Sleep for 4.874955 seconds and try again... (tryings = 17, bot id = 8560838161)
ERROR    | 2026-10-05 18:40:21,935 | aiogram.dispatcher:226 | Failed to fetch updates - TelegramNetworkError: HTTP Client says - ClientConnectorError: Cannot connect to host api.telegram.org:443 ssl:default [The semaphore timeout period has expired]
WARNING  | 2026-10-05 18:40:21,935 | aiogram.dispatcher:228 | Sleep for 5.021521 seconds and try again... (tryings = 18, bot id = 8560838161)
ERROR    | 2026-10-05 18:40:48,034 | aiogram.dispatcher:226 | Failed to fetch updates - TelegramNetworkError: HTTP Client says - ClientConnectorError: Cannot connect to host api.telegram.org:443 ssl:default [The semaphore timeout period has expired]
WARNING  | 2026-10-05 18:40:48,034 | aiogram.dispatcher:228 | Sleep for 5.069286 seconds and try again... (tryings = 19, bot id = 8560838161)
ERROR    | 2026-10-05 18:41:14,156 | aiogram.dispatcher:226 | Failed to fetch updates - TelegramNetworkError: HTTP Client says - ClientConnectorError: Cannot connect to host api.telegram.org:443 ssl:default [The semaphore timeout period has expired]
WARNING  | 2026-10-05 18:41:14,156 | aiogram.dispatcher:228 | Sleep for 4.934825 seconds and try again... (tryings = 20, bot id = 8560838161)
ERROR    | 2026-10-05 18:41:40,134 | aiogram.dispatcher:226 | Failed to fetch updates - TelegramNetworkError: HTTP Client says - ClientConnectorError: Cannot connect to host api.telegram.org:443 ssl:default [The semaphore timeout period has expired]
WARNING  | 2026-10-05 18:41:40,134 | aiogram.dispatcher:228 | Sleep for 4.788884 seconds and try again... (tryings = 21, bot id = 8560838161)
ERROR    | 2026-10-05 18:42:05,966 | aiogram.dispatcher:226 | Failed to fetch updates - TelegramNetworkError: HTTP Client says - ClientConnectorError: Cannot connect to host api.telegram.org:443 ssl:default [The semaphore timeout period has expired]
WARNING  | 2026-10-05 18:42:05,966 | aiogram.dispatcher:228 | Sleep for 4.830338 seconds and try again... (tryings = 22, bot id = 8560838161)
ERROR    | 2026-10-05 18:42:31,842 | aiogram.dispatcher:226 | Failed to fetch updates - TelegramNetworkError: HTTP Client says - ClientConnectorError: Cannot connect to host api.telegram.org:443 ssl:default [The semaphore timeout period has expired]
WARNING  | 2026-10-05 18:42:31,843 | aiogram.dispatcher:228 | Sleep for 4.987085 seconds and try again... (tryings = 23, bot id = 8560838161)
ERROR    | 2026-10-05 18:47:46,696 | aiogram.dispatcher:226 | Failed to fetch updates - TelegramNetworkError: HTTP Client says - ClientConnectorError: Cannot connect to host api.telegram.org:443 ssl:default [The semaphore timeout period has expired]
WARNING  | 2026-10-05 18:47:46,775 | aiogram.dispatcher:228 | Sleep for 4.913794 seconds and try again... (tryings = 24, bot id = 8560838161)
ERROR    | 2026-10-05 18:48:12,814 | aiogram.dispatcher:226 | Failed to fetch updates - TelegramNetworkError: HTTP Client says - ClientConnectorError: Cannot connect to host api.telegram.org:443 ssl:default [The semaphore timeout period has expired]
WARNING  | 2026-10-05 18:48:12,816 | aiogram.dispatcher:228 | Sleep for 4.880421 seconds and try again... (tryings = 25, bot id = 8560838161)
ERROR    | 2026-10-05 18:48:25,343 | aiogram.dispatcher:226 | Failed to fetch updates - TelegramNetworkError: HTTP Client says - ClientConnectorError: Cannot connect to host api.telegram.org:443 ssl:default [The network connection was aborted by the local system]
WARNING  | 2026-10-05 18:48:25,380 | aiogram.dispatcher:228 | Sleep for 4.897366 seconds and try again... (tryings = 26, bot id = 8560838161)
ERROR    | 2026-10-05 18:48:30,356 | aiogram.dispatcher:226 | Failed to fetch updates - TelegramNetworkError: HTTP Client says - ClientConnectorError: Cannot connect to host api.telegram.org:443 ssl:default [The network location cannot be reached. For information about network troubleshooting, see Windows Help]
WARNING  | 2026-10-05 18:48:30,356 | aiogram.dispatcher:228 | Sleep for 4.811439 seconds and try again... (tryings = 27, bot id = 8560838161)
ERROR    | 2026-10-05 18:48:35,186 | aiogram.dispatcher:226 | Failed to fetch updates - TelegramNetworkError: HTTP Client says - ClientConnectorError: Cannot connect to host api.telegram.org:443 ssl:default [The network location cannot be reached. For information about network troubleshooting, see Windows Help]
WARNING  | 2026-10-05 18:48:35,186 | aiogram.dispatcher:228 | Sleep for 5.010908 seconds and try again... (tryings = 28, bot id = 8560838161)
ERROR    | 2026-10-05 18:48:40,222 | aiogram.dispatcher:226 | Failed to fetch updates - TelegramNetworkError: HTTP Client says - ClientConnectorError: Cannot connect to host api.telegram.org:443 ssl:default [The network location cannot be reached. For information about network troubleshooting, see Windows Help]
WARNING  | 2026-10-05 18:48:40,249 | aiogram.dispatcher:228 | Sleep for 4.976264 seconds and try again... (tryings = 29, bot id = 8560838161)
ERROR    | 2026-10-05 18:48:45,262 | aiogram.dispatcher:226 | Failed to fetch updates - TelegramNetworkError: HTTP Client says - ClientConnectorError: Cannot connect to host api.telegram.org:443 ssl:default [The network location cannot be reached. For information about network troubleshooting, see Windows Help]
WARNING  | 2026-10-05 18:48:45,263 | aiogram.dispatcher:228 | Sleep for 5.015233 seconds and try again... (tryings = 30, bot id = 8560838161)
ERROR    | 2026-10-05 18:48:50,289 | aiogram.dispatcher:226 | Failed to fetch updates - TelegramNetworkError: HTTP Client says - ClientConnectorError: Cannot connect to host api.telegram.org:443 ssl:default [The network location cannot be reached. For information about network troubleshooting, see Windows Help]
WARNING  | 2026-10-05 18:48:50,292 | aiogram.dispatcher:228 | Sleep for 5.001239 seconds and try again... (tryings = 31, bot id = 8560838161)
INFO     | 2026-10-05 18:49:06,714 | aiogram.dispatcher:240 | Connection established (tryings = 32, bot id = 8560838161)
INFO     | 2026-10-05 18:50:34,736 | aiogram.dispatcher:625 | Polling stopped
INFO     | 2026-10-05 18:50:34,738 | __main__:25 | Бота зупинено.
ERROR    | 2026-10-05 18:50:34,757 | aiogram.dispatcher:226 | Failed to fetch updates - TelegramNetworkError: HTTP Client says - ServerDisconnectedError: Server disconnected
WARNING  | 2026-10-05 18:50:34,759 | aiogram.dispatcher:228 | Sleep for 1.000000 seconds and try again... (tryings = 0, bot id = 8560838161)
INFO     | 2026-10-05 18:50:35,019 | aiogram.dispatcher:414 | Polling stopped for bot @CubeClashBot id=8560838161 - 'Av-Stars Store'
INFO     | 2026-10-05 18:50:35,025 | __main__:62 | Зупинено власноруч.
